1,DW788H2,
2,IQ952R5,
3,VC768N4,
4,SE614V2,
5,BW451G9,
6,RZ356T6,
7,BC734R4,
8,ZG350T2,
9,PO523S8,
10,GB640W2,
11,XP510N7,
12,OI452N6,
13,LT492C4,
14,LG591S4,
15,VR238V5,
16,FD425V8,
17,GG975T9,
18,QM455R8,
19,OS755E4,
20,CT916G0,
21,PJ897Q1,
22,CX374F5,
23,VO794H7,
24,KC917Y2,
25,SD212S7,
26,FH819Y9,
27,ER654H2,
28,FG920I4,
29,NI530Z9,
30,EV613Q1,
31,XK980M3,
32,IV501B7,
33,RZ609U2,
34,LB224R3,
35,SP355L4,
36,VN359Q0,
37,QT294K2,
38,MV472O4,
39,KG576Z6,
40,OW147C4,
41,DU492I6,
42,ZL565W0,
43,EI672H4,
44,LA309C8,
45,XD427P9,
46,RD738M1,
47,BX876M3,
48,RX678N4,
49,EL353C7,
50,WH604O1,
51,YK986L3,
52,VM640V0,
53,GK106C7,
54,LR279T5,
55,DB790I1,
56,EJ787Q8,
57,FK633Q0,
58,XW847D0,
59,AA815U4,
60,ZQ756U4,
61,GL844N1,
62,CH190X1,
63,AQ816F9,
64,DJ471O2,
65,KO998W9,
66,AI705N3,
67,AY999B3,
68,PE335X2,
69,KX851Q8,
70,HW995B1,
71,XR312T4,
72,JJ576T1,
73,YF532F4,
74,HX533V3,
75,VW984I5,
76,RX450L5,
77,FB350H7,
78,JE558R7,
79,OL618R7,
80,YQ253O6,
81,BS882R9,
82,KN543Y2,
83,ZK723Q7,
84,SJ524Z7,
85,RL567P9,
86,MH550Z4,
87,CE780X3,
88,UH732B4,
89,AC273L7,
90,QX239S4,
91,HH401F2,
92,IQ348B0,
93,WW604P6,
94,GX614D7,
95,CB257X4,
96,IW196L4,
97,US657I0,
98,GR778U2,
99,GL725O7,
100,EG988X0,
101,IL391H9,
102,AU139F3,
103,YP957A3,
104,GU137I0,
105,FW577U4,
106,TK574P4,
107,ZZ470A6,
108,QV587R0,
109,UR743B3,
110,FV629M2,
111,LX231A4,
112,LU651H4,
113,EC357X1,
114,PA290Y2,
115,MI615T1,
116,QW873I6,
117,BX949X6,
118,SX497I4,
119,RG280B3,
120,WK504D4,
121,ET491E5,
122,OU677M3,
123,QF672Q4,
124,KG816P2,
125,GB863Y9,
126,TE220M8,
127,SD848S1,
128,LN276I2,
129,WX623C3,
130,HT797W1,
131,MH942Q2,
132,OA559E1,
133,CK256T2,
134,IV299D1,
135,AK350T1,
136,RR564C6,
137,FL843J5,
138,ZE888I8,
139,BB345O5,
140,DT442N5,
141,YE480B8,
142,SD707Y8,
143,AR424N0,
144,TM239X6,
145,SM236Z7,
146,KA197Y7,
147,OR224I0,
148,SR731L5,
149,PN614N2,
150,KO471S3,
151,MD678I4,
152,ZB346S5,
153,AI909A0,
154,MS179U9,
155,CH577B7,
156,JR507J5,
157,IT173J2,
158,FC410C1,
159,TI586V1,
160,KP303C0,
161,KF745L5,
162,TQ819O5,
163,OW221O0,
164,BP124I0,
165,SY604R8,
166,UF794A0,
167,VM448Z1,
168,GS149Q5,
169,IM909K7,
170,EQ284V6,
171,WL124Q9,
172,AQ183N7,
173,EJ521H1,
174,IG376I7,
175,NP475I8,
176,HN135M6,
177,NX548D9,
178,UB101O5,
179,YV304E2,
180,VK715C0,
181,BG344V0,
182,KT504Q9,
183,HP441E2,
184,LE322T1,
185,KB116R2,
186,FF459C5,
187,PV327M9,
188,YE423H0,
189,HP114M6,
190,MW460N7,
191,QU975T2,
192,IS487C3,
193,SC384D9,
194,WQ529V3,
195,II941U0,
196,VH218N2,
197,UG566S0,
198,BM654X7,
199,HJ466V7,
200,DA454Q3,
201,ED657B5,
202,NP987U1,
203,YV501X8,
204,HY435R3,
205,TH492Z6,
206,ZO964R4,
207,VY629Z6,
208,IM714A9,
209,YH328K7,
210,SB228G8,
211,IL380F0,
212,OP592L4,
213,TG887R5,
214,EC431V3,
215,VE785I3,
216,FN875L5,
217,AJ905W1,
218,EC697I4,
219,HD784H3,
220,AD300R4,
221,ZO842C4,
222,FG757Q1,
223,EK748N7,
224,QH505H7,
225,ZS982G9,
226,UY499R0,
227,KH916R4,
228,IX703Y3,
229,SB734I3,
230,UH110L3,
231,SI501N6,
232,PT952X9,
233,ER541W4,
234,SM869F8,
235,EQ807J1,
236,NY581I9,
237,QU320Z8,
238,CV827M6,
239,LS716P7,
240,RJ794R7,
241,MC716L3,
242,CV743B6,
243,OT859S1,
244,JD884Z3,
245,TC121T2,
246,FH395D6,
247,HX995Q9,
248,VF196Z7,
249,AR446P2,
250,BH647W2,
251,PP524Q1,
252,RM627B4,
253,TM761X7,
254,IR397I5,
255,PN919O4,
256,WI615M0,
257,NA780H2,
258,FN504F6,
259,OV230E0,
260,YO444O9,
261,IV319G3,
262,UG583J9,
263,HU808L2,
264,VG202W6,
265,QI877S0,
266,EP274P3,
267,EI645J1,
268,BL386N5,
269,GA863A5,
270,KC646V4,
271,YZ602L3,
272,FC335A5,
273,DV335U5,
274,VH217R3,
275,YF271Y5,
276,AX993S5,
277,XM341T6,
278,RD349S1,
279,UH634W2,
280,LB604M1,
281,BG129H9,
282,MM921W9,
283,WE396W8,
284,VM209K8,
285,DI200N5,
286,GH897W1,
287,DT247T3,
288,OL923A3,
289,UG584H2,
290,PP290J5,
291,QD673E2,
292,RJ986R1,
293,IA677E8,
294,RC912U0,
295,IE517Z2,
296,SK619B3,
297,QW409Y6,
298,SR311L9,
299,BG619Y9,
300,NB930Q7,
301,KA675I4,
302,YZ115Q9,
303,QB300E1,
304,TM546K4,
305,DF724F9,
306,OF178U3,
307,ET658L2,
308,KT535F5,
309,KL708U1,
310,ZC670C9,
311,ED724W1,
312,EN438B3,
313,PJ371K1,
314,QH281I1,
315,YL538N3,
316,YJ265A8,
317,UT941C4,
318,FR281B7,
319,JC463A7,
320,KG973O1,
321,OS671T2,
322,AW355B7,
323,IV414S9,
324,DT217C5,
325,RU757J9,
326,QA530E4,
327,MU955A5,
328,UC883X9,
329,LY593J8,
330,UD480O8,
331,QS570O3,
332,XE431E6,
333,MW640A7,
334,UD865S4,
335,NE736M3,
336,DH191U3,
337,OB952K7,
338,FL725F1,
339,MY315M9,
340,JM599W1,
341,OW683X1,
342,AE332B4,
343,YF955Y7,
344,WR963A0,
345,PF603V7,
346,ON635R6,
347,GD809I1,
348,TK623C0,
349,JP103E7,
350,XL180D8,
351,UI870R1,
352,AF116K0,
353,UZ188O3,
354,CT623M7,
355,IU950U5,
356,YJ325W2,
357,BF439U6,
358,DW556Z4,
359,LV343Q6,
360,NM391E7,
361,KK812K8,
362,DD244C1,
363,GA766Z6,
364,HA955N7,
365,GQ937Z2,
366,DN991K7,
367,YO857L2,
368,YQ381F9,
369,DS867W9,
370,NE528M8,
371,CB426N5,
372,WB657S8,
373,DN244D2,
374,BY890Y3,
375,VG289O4,
376,MG658K8,
377,UU310X2,
378,AJ861I4,
379,GK593D6,
380,OR311H7,
381,JA617Q9,
382,QX596C4,
383,QL108I0,
384,MC876F8,
385,CZ217B0,
386,JS926D7,
387,FP729E4,
388,PI413C0,
389,SD384A5,
390,MK484T3,
391,TX442E3,
392,PS505P7,
393,DC533Z8,
394,JM728B9,
395,WL643V1,
396,TE941O6,
397,XN492R8,
398,VZ175F2,
399,KD203G7,
400,GZ532R5,
401,CQ298F2,
402,JA678Q5,
403,VA329C3,
404,JG325W0,
405,DB233M6,
406,RF468I4,
407,BQ700K7,
408,VB552M1,
409,XM233G9,
410,LG146I2,
411,YX725S4,
412,PF364C8,
413,OU242Y8,
414,UB419Q4,
415,RB201S9,
416,TL435D5,
417,EV213N2,
418,DG757J5,
419,AX520Q9,
420,QY591O4,
421,PC818J8,
422,NB276T0,
423,BE913M3,
424,VF571W2,
425,JE602Y4,
426,QL454K3,
427,DD646D1,
428,JY346O2,
429,NC973P9,
430,AZ452V1,
431,CU890J4,
432,LY834B2,
433,RI312T9,
434,ZO541T5,
435,CX148Q7,
436,BE804E4,
437,FQ515T2,
438,JO759J3,
439,RG347D5,
440,ZX935K7,
441,BP848H4,
442,GC434S7,
443,EL174G2,
444,MZ607V0,
445,FO228Q7,
446,DX800N2,
447,AX939H7,
448,JX861A0,
449,QR703P8,
450,FV686K1,
451,ML405P3,
452,DQ288D7,
453,BR232H5,
454,PJ578Z2,
455,TQ553T9,
456,FO230N5,
457,AX574A8,
458,VI370I3,
459,VT363R0,
460,EB111Q2,
461,WK198R7,
462,OM953M6,
463,QI785D8,
464,EN489J8,
465,TB167U2,
466,JF887C9,
467,TO509M8,
468,QX832K8,
469,AJ542I4,
470,EC559K6,
471,MS667T6,
472,KB619L9,
473,TG203C4,
474,UK933K7,
475,PR653A0,
476,GN480W8,
477,VP422P7,
478,XG602X5,
479,QD376T1,
480,LX993V0,
481,VQ753B6,
482,SR215S9,
483,OB217T4,
484,EP924L6,
485,MC372O6,
486,QI562C3,
487,TF605X3,
488,EL885P1,
489,EF991C0,
490,JW987M3,
491,XS752W4,
492,BR852I3,
493,JS879B4,
494,EF263A3,
495,GY633J5,
496,IG116J3,
497,UW267D6,
498,GQ297X9,
499,RW264T4,
500,DR825C8,
501,IT601B5,
502,EH137B9,
503,EE140U3,
504,YN869H3,
505,OM220N7,
506,GR559V5,
507,XJ329F3,
508,IF963Z9,
509,SR160P7,
510,UL923B3,
511,DT843U5,
512,QL685V5,
513,ML979A3,
514,YS985S0,
515,HP774J5,
516,SJ194R3,
517,UH705Z4,
518,FR283S8,
519,CM546N1,
520,NP151U9,
521,HZ754X2,
522,VX286J8,
523,TI109U2,
524,LR480E1,
525,OU306D1,
526,NI410L0,
527,FF304D5,
528,SY392K7,
529,PD946K8,
530,QG257R8,
531,EE692G7,
532,YR328X7,
533,EF624Z1,
534,IO540Y5,
535,UE524D8,
536,CR659K3,
537,XJ652P4,
538,CW819O3,
539,IX209Y9,
540,GR234G2,
541,DL383I8,
542,IR580X8,
543,TI106H1,
544,HF184C8,
545,RB311C8,
546,RQ151P5,
547,EJ846Y9,
548,OQ606X1,
549,AP847L9,
550,QH610M5,
551,NJ384E1,
552,DE375B5,
553,TT671R1,
554,HH846J3,
555,VW913V7,
556,UF184L0,
557,CP975Y9,
558,FI272B4,
559,KD375Q9,
560,SN422Z9,
561,QK858H4,
562,WV711H2,
563,BZ878L5,
564,KA851W8,
565,ZU623L3,
566,PM986X7,
567,YT520R1,
568,EV705V7,
569,RH460I1,
570,VV624F0,
571,XY614K9,
572,ME173B3,
573,LU312C9,
574,LL541P4,
575,UG949Q8,
576,XJ875O8,
577,IV790O6,
578,TY447X4,
579,UF187Q2,
580,KZ102W6,
581,GG147M1,
582,NJ895I4,
583,IV648E4,
584,UT215F1,
585,PD434B4,
586,BE303W8,
587,FL143L6,
588,QM138L5,
589,DA863M9,
590,AE321H1,
591,HN900D3,
592,RC295W3,
593,DC829A4,
594,XV912T5,
595,VD215R8,
596,CU141E1,
597,SS223D0,
598,HY873V4,
599,DY275G7,
600,XF422U7,
601,EW430G7,
602,PS294B7,
603,BW965Q7,
604,GE521G7,
605,DB113E0,
606,CX443I5,
607,JA949E0,
608,MX538D7,
609,CH347R0,
610,YU893E7,
611,FX336G1,
612,UF562U6,
613,FA527M6,
614,TV623F2,
615,OI779R4,
616,VH224Y1,
617,XJ781R3,
618,JK409K8,
619,ZK926P4,
620,OK612R7,
621,IR561P5,
622,VL501F4,
623,IQ340O8,
624,HZ742N5,
625,MQ145E9,
626,KD885Y7,
627,NN923Z5,
628,QL913R6,
629,OG465X3,
630,NH530T9,
631,KN562W2,
632,QQ498N4,
633,SZ762L4,
634,BH289P1,
635,OK548O1,
636,BC250B9,
637,GY646T4,
638,MH461G0,
639,MD278X1,
640,KP799S3,
641,HY388U6,
642,KN176L6,
643,DH700G7,
644,YQ846X2,
645,DY597F5,
646,SV754O1,
647,CN752J5,
648,IT487F7,
649,ZR847S7,
650,QD884T2,
651,XK503L5,
652,FC646D8,
653,JU744D4,
654,UR683B4,
655,WV750D5,
656,YP750H7,
657,KV393T8,
658,GZ415U7,
659,NE753T8,
660,WR360D9,
661,FR430X9,
662,GA166L5,
663,ZZ467Q3,
664,DY533Y5,
665,KF263A4,
666,UN779I3,
667,ME143V5,
668,MD587S3,
669,HW593F4,
670,GX173P1,
671,CB625F2,
672,KJ202E1,
673,GK141V8,
674,AA638K1,
675,US607M3,
676,SP963U3,
677,UQ346F8,
678,OX438V5,
679,HO131P7,
680,MA791K6,
681,VE649V5,
682,HR996B6,
683,GV514X4,
684,NC996I2,
685,OW623O9,
686,XF434D0,
687,YW306Q6,
688,SP943B9,
689,HU944L5,
690,UU443S2,
691,SK797I7,
692,LD941C2,
693,LT304A6,
694,LK106T9,
695,CI201X3,
696,VY270I2,
697,SV174E2,
698,FC910C4,
699,FW677Q2,
700,JU401U6,
701,ZH916D3,
702,ON887Z9,
703,LJ562L5,
704,VL156G8,
705,ID748B4,
706,GK441X5,
707,SF342T3,
708,FL519J0,
709,DZ537L8,
710,IC250U4,
711,ZG883T7,
712,UW899D8,
713,HJ125O8,
714,UP233Y1,
715,KU429Z4,
716,PQ773U7,
717,FS699U7,
718,CR639G6,
719,VY624V0,
720,KD801N7,
721,DH126B7,
722,EC430V0,
723,ZI104G9,
724,BS649B3,
725,FT906M6,
726,AL566J5,
727,DY483T0,
728,XU705Q2,
729,IV450Q7,
730,CF994B4,
731,VX215W4,
732,DI773Y7,
733,UT260B1,
734,IW488C4,
735,KD709T9,
736,VJ485G0,
737,IP341Q5,
738,LL750F3,
739,TP525D5,
740,PP576F1,
741,EJ488Y7,
742,AA753L0,
743,RF469M9,
744,VY985L4,
745,VN592A8,
746,ZP794K4,
747,KI309O3,
748,ZF581R3,
749,RU430E8,
750,HK719F8,
751,DR440W1,
752,KI695D8,
753,OG381T2,
754,JE769Z8,
755,UX640Q2,
756,DL638V0,
757,MN977O7,
758,SH205L5,
759,DT592C5,
760,XU383Q1,
761,JX868F4,
762,TO852U8,
763,WG708T5,
764,MG276I9,
765,BK183D4,
766,MO315G6,
767,NQ695Z7,
768,IZ682U2,
769,NB162B6,
770,BK392S6,
771,TP834A8,
772,LO410N1,
773,GS360C2,
774,OS245Q0,
775,NE169Q6,
776,LG420D4,
777,PL639K8,
778,HK549I2,
779,YX917M0,
780,JD938C3,
781,VU993W0,
782,ZP390D6,
783,ZH968W8,
784,ZN867M7,
785,HU799O8,
786,VY691D8,
787,JC631L3,
788,WE725D7,
789,RX230Y3,
790,TS511H8,
791,LC289P1,
792,QK848R0,
793,TL238I8,
794,KL841E7,
795,AR958A4,
796,IM545W6,
797,QL360V0,
798,NO144D3,
799,NY929N1,
800,VT862E4,
801,TF335O5,
802,BW940A2,
803,AR763S0,
804,YK461Y6,
805,FR525M7,
806,QD987Z1,
807,NS580X7,
808,IT142X6,
809,WN720M5,
810,GR367W5,
811,TK523T7,
812,QT704A0,
813,EB387O6,
814,JP165L1,
815,QX837S2,
816,IR576M3,
817,AR868J1,
818,NC273S1,
819,UN684N2,
820,SN902C9,
821,UV833T1,
822,NI337K4,
823,AX943D7,
824,IU579U1,
825,JX996A5,
826,QV474C8,
827,CI167S8,
828,MB624K5,
829,CI423T5,
830,EN936Z2,
831,FS911K3,
832,CK968C8,
833,VL786T5,
834,DI313J1,
835,SM235B8,
836,UX506P4,
837,YT655P7,
838,WW558U8,
839,IE844U4,
840,XA228J5,
841,JD467A1,
842,IG810R2,
843,CE985K5,
844,EM686J9,
845,BB296T8,
846,FB369L5,
847,RD481H6,
848,PH249Y5,
849,YU546F6,
850,QC365X5,
851,YI299K7,
852,AO852L4,
853,DW729S8,
854,VC196V6,
855,SA351Z9,
856,TN300C5,
857,FQ638K5,
858,VH619Y6,
859,NG716S6,
860,LG555T9,
861,VM931O4,
862,NQ105R9,
863,DS785P3,
864,CI539O4,
865,EZ735Z3,
866,SJ404F4,
867,QG514E6,
868,CD301B0,
869,KD623S8,
870,BK180C8,
871,YT592S1,
872,JO584C1,
873,LW964E4,
874,RV254H3,
875,ZD314R1,
876,MG721W7,
877,CO441K2,
878,CK932D2,
879,NW458K0,
880,XE878L9,
881,HL546J5,
882,FY694Q2,
883,AL701O2,
884,AS269S7,
885,XA387T7,
886,ST503K8,
887,PK512R2,
888,DX228K6,
889,NX238A4,
890,SI813G5,
891,KJ190U8,
892,HJ391F0,
893,ZI350V4,
894,VU510R1,
895,NH879V0,
896,NE353S0,
897,YP900E4,
898,QW167Q8,
899,JB485X2,
900,LD168F6,
901,CM467K0,
902,UY226N9,
903,UP767G6,
904,PC404L5,
905,XL976V1,
906,KS305Y3,
907,ZE439I9,
908,PE962D8,
909,UT287J8,
910,LU313Y8,
911,PN236A3,
912,OO633Y0,
913,RD188O7,
914,FD960Q4,
915,CA327L9,
916,DM279Z9,
917,GR577B7,
918,HG257S3,
919,SR523V5,
920,LD692L4,
921,OY466N7,
922,VJ542A2,
923,GB610L3,
924,HT350W3,
925,HE572T3,
926,JI681O2,
927,VY829I1,
928,CG590L8,
929,PI315J6,
930,GU741U2,
931,UM149Y1,
932,ZI442G2,
933,OK328X3,
934,RK357F6,
935,LA415C8,
936,ZY671G6,
937,SQ980A0,
938,PP565M3,
939,VC866O1,
940,RX153O6,
941,GO177V6,
942,TY252E3,
943,ES867I8,
944,JG618B4,
945,DD716P1,
946,BX892K1,
947,WT470T1,
948,NP968X4,
949,NR544P5,
950,QN378F0,
951,IK678H3,
952,QS892Z2,
953,DT197Q3,
954,QT655J6,
955,WV469Y1,
956,TT212Q0,
957,DG236T6,
958,XQ830G6,
959,FL435E2,
960,NC308U8,
961,VZ299A1,
962,CC943T5,
963,RS465Z1,
964,YQ677K1,
965,NM154A7,
966,OI941Y9,
967,OA694G2,
968,YC197E6,
969,YU889B3,
970,KN929E0,
971,KC609A0,
972,WJ865D1,
973,RV868N8,
974,VC316C5,
975,CY417Z4,
976,QS248Y7,
977,US490Q2,
978,JQ748H3,
979,KS904X4,
980,UE606N4,
981,UI456H3,
982,CZ436J1,
983,MT560A1,
984,KD761O9,
985,RJ614N7,
986,CD295T6,
987,GW990S9,
988,FA142W0,
989,NG198N0,
990,KT160X1,
991,FK410N2,
992,CA136U4,
993,VR463V5,
994,ZM287Y9,
995,SL795J0,
996,AX290O8,
997,UL240R7,
998,GA777D7,
999,YO695Q1,
1000,SJ517Y2,
1001,KW218Q1,
1002,MS423G2,
1003,KO404A7,
1004,UF895I6,
1005,QJ648H5,
1006,AB616Q1,
1007,VV506L4,
1008,BB413O1,
1009,TA954H1,
1010,MO808O4,
1011,NL370Q3,
1012,AY752M0,
1013,HN297S5,
1014,NX607N1,
1015,PM139O6,
1016,AV707E8,
1017,ZF412S6,
1018,FB504E3,
1019,VO281Y1,
1020,BN257U6,
1021,KA555G7,
1022,IB926J3,
1023,CG233N8,
1024,MG527I4,
1025,YC191C8,
1026,HG438H2,
1027,IC392Z8,
1028,VR466D5,
1029,VB262Y1,
1030,TR963K7,
1031,NZ991Z5,
1032,SE281T5,
1033,IL836J3,
1034,PJ696A6,
1035,IF669B5,
1036,QD972K6,
1037,OJ539M1,
1038,XK884V1,
1039,TA222Q8,
1040,BD952P3,
1041,WC577T1,
1042,YG932Z6,
1043,KC776U4,
1044,QY567J4,
1045,DQ682P9,
1046,TB165V4,
1047,QG248U4,
1048,YQ669K7,
1049,QK625I0,
1050,OK553H5,
1051,JE306A6,
1052,SN717L6,
1053,JV248F8,
1054,PL404N9,
1055,DH546O8,
1056,MQ566Q0,
1057,AY276G9,
1058,AL814B8,
1059,UQ405D9,
1060,CY657B9,
1061,TC851M0,
1062,WT559E3,
1063,TK254H3,
1064,MO403B6,
1065,XL634W2,
1066,XQ377G0,
1067,EP685X0,
1068,OC705S6,
1069,IP247V0,
1070,DE899Y1,
1071,GW658I1,
1072,WZ621H0,
1073,LR991L6,
1074,IN228F1,
1075,TQ851I1,
1076,XA892Z5,
1077,VB962E9,
1078,ZJ274B9,
1079,TC811Q5,
1080,VT236Z0,
1081,CM154H7,
1082,QO364V4,
1083,CP502O4,
1084,PO623N4,
1085,MY970S1,
1086,DR963R3,
1087,CL440Z3,
1088,UO631W8,
1089,VU705B8,
1090,TG456Y5,
1091,VO186Q1,
1092,XC227R2,
1093,VR963W0,
1094,MO216R2,
1095,SQ459G0,
1096,AZ651K5,
1097,MW459C8,
1098,VY983N4,
1099,BL240P1,
1100,IE909C1,
1101,JI723W7,
1102,FJ138E1,
1103,OT981N6,
1104,ZL239B4,
1105,WQ731R5,
1106,GX325U3,
1107,TL612O0,
1108,UY605O3,
1109,UH418L6,
1110,YF296U8,
1111,IS492V2,
1112,LV666I7,
1113,PF708D5,
1114,WA989K3,
1115,LD965N5,
1116,MU159J5,
1117,LU410W9,
1118,WY319A7,
1119,PT614Y6,
1120,RO875B2,
1121,TC606S2,
1122,AB744Y9,
1123,NF216Q8,
1124,EP927W2,
1125,ZW744C6,
1126,VG824C2,
1127,GM412A7,
1128,GU220A6,
1129,FN990D1,
1130,YO722E5,
1131,MR715V3,
1132,RI987H6,
1133,GN611U9,
1134,AY161Z9,
1135,XD518A9,
1136,DR169E4,
1137,LZ969X5,
1138,QJ342O8,
1139,QT422W1,
1140,EO232M0,
1141,DN250I7,
1142,BO393O0,
1143,RD195C2,
1144,SC736R4,
1145,PK889J4,
1146,ZH978K9,
1147,ZY435L3,
1148,QJ521Y1,
1149,UW137L3,
1150,TB635R1,
1151,IL342D3,
1152,PI648O3,
1153,EH107U1,
1154,ZL830I3,
1155,SY693I1,
1156,MD426D1,
1157,NB180G2,
1158,PD679D8,
1159,LT882Q7,
1160,WK369M8,
1161,AW814O4,
1162,MX661I0,
1163,KU626V7,
1164,XW580V3,
1165,PO362R0,
1166,CX742T1,
1167,HI612N2,
1168,QM976P9,
1169,XS648U0,
1170,OV289R5,
1171,JU524M7,
1172,AA719C8,
1173,LF127T1,
1174,HW924H2,
1175,YN279D6,
1176,EJ454B8,
1177,PC658C8,
1178,EJ690N3,
1179,UI260Z5,
1180,AY707H4,
1181,TS206U9,
1182,PL886P9,
1183,EW464F1,
1184,SX624V7,
1185,ON999K5,
1186,PB710B8,
1187,YI523O9,
1188,WQ929X6,
1189,RZ292Z7,
1190,EU355W1,
1191,LR221C9,
1192,DX745Z4,
1193,IP172B0,
1194,SJ817R9,
1195,BD455O2,
1196,SQ868U2,
1197,LQ641F6,
1198,QH221T8,
1199,EM602S6,
1200,YA689E1,
1201,MZ255Q6,
1202,VR523W5,
1203,TG767L6,
1204,FD686R8,
1205,KV289S8,
1206,AV379I5,
1207,RU456Q2,
1208,SB547V3,
1209,MU414X1,
1210,PF396B5,
1211,AF462A1,
1212,HU957E8,
1213,PX531O8,
1214,KN478F9,
1215,JL394B7,
1216,VL322A8,
1217,JJ421F8,
1218,IT158F7,
1219,NG449S9,
1220,BW601W9,
1221,VE240Y2,
1222,LO976K4,
1223,PW566F6,
1224,UL990B8,
1225,QM585E0,
1226,QV960F0,
1227,RD389I6,
1228,TJ870Y4,
1229,KJ596M8,
1230,JN472S5,
1231,JS546M4,
1232,MO150D2,
1233,HJ342H3,
1234,ZD860D5,
1235,RO137P1,
1236,PV620O5,
1237,LR946E3,
1238,HB183X8,
1239,JJ628P1,
1240,FC839Z0,
1241,JP265G4,
1242,DM466O0,
1243,QJ569D3,
1244,FB982C4,
1245,MA385K0,
1246,NW580T1,
1247,FJ416D2,
1248,EN692K3,
1249,WU781I2,
1250,NF543C1,
1251,VR560A2,
1252,IV587A8,
1253,XA468Z0,
1254,BT471X6,
1255,OG201Q7,
1256,YM732K5,
1257,PX547U1,
1258,VH728Z5,
1259,EC178E2,
1260,VZ312B9,
1261,WI550D7,
1262,YA817E7,
1263,NJ397V6,
1264,XX453B6,
1265,XR500R1,
1266,MI896V5,
1267,WW401Z5,
1268,UE684Z5,
1269,XT252L3,
1270,LX100Y7,
1271,JO200U4,
1272,IG516O8,
1273,TN467K7,
1274,JQ735W4,
1275,MC650M5,
1276,SB890Y7,
1277,BP115J5,
1278,LP878S5,
1279,ZV298L1,
1280,DL643T2,
1281,LM314T1,
1282,DM477X0,
1283,NS400X2,
1284,SQ675G7,
1285,SM607Y3,
1286,ZS508G4,
1287,HE345P2,
1288,PW665J2,
1289,LO688T9,
1290,UG611L8,
1291,IL194F2,
1292,JI481I1,
1293,QX922P1,
1294,TA925C9,
1295,XM458D4,
1296,PQ373B4,
1297,BR878B5,
1298,PD700K4,
1299,NV250Q9,
1300,CA344B6,
1301,MX359G4,
1302,US243Y5,
1303,HS315T3,
1304,UJ134W7,
1305,IY849T2,
1306,NS879T2,
1307,BV920T7,
1308,EM675G5,
1309,DV462R5,
1310,RX319X3,
1311,TM251O5,
1312,SW717P8,
1313,AC401L4,
1314,RO407M8,
1315,DC207J7,
1316,KE373O8,
1317,KK458F4,
1318,XI438J6,
1319,TW631P9,
1320,QZ725A7,
1321,JU923S0,
1322,VU732L8,
1323,CT660W0,
1324,RS512W1,
1325,NM345X6,
1326,OW362W8,
1327,AR419B5,
1328,OO441B3,
1329,XU458E1,
1330,BU830E9,
1331,AN308T0,
1332,JO987E7,
1333,IH114K2,
1334,LV585J4,
1335,JM717B6,
1336,SP313J1,
1337,MA617W4,
1338,TJ582I7,
1339,IS601P9,
1340,CQ965V6,
1341,KI300V4,
1342,UA663I2,
1343,QU239A5,
1344,NE322B2,
1345,NF327V8,
1346,II480Q6,
1347,VN827B5,
1348,PK911Y5,
1349,TM723E3,
1350,AC950L7,
1351,BN942V3,
1352,NA126L5,
1353,QU875P4,
1354,VQ249Y5,
1355,UI113S6,
1356,NN245K1,
1357,CW759N1,
1358,AD558N4,
1359,GL141K6,
1360,TB520V9,
1361,DZ623X6,
1362,XA148T4,
1363,QB767F1,
1364,NV909P1,
1365,AG771H6,
1366,BG534H4,
1367,XS365C7,
1368,CG977A7,
1369,QD615O3,
1370,DD257K9,
1371,EG170X6,
1372,FF530Y4,
1373,DA763B8,
1374,XH110V6,
1375,SL845H6,
1376,FT236E2,
1377,IX971I9,
1378,MJ255D2,
1379,DO831L4,
1380,UE372G1,
1381,TH457J5,
1382,NK878Y9,
1383,MJ444I8,
1384,CK792P4,
1385,BB333Q7,
1386,FK466O3,
1387,OI761N2,
1388,QZ970Y3,
1389,WG528N4,
1390,ZQ821G0,
1391,WH677L3,
1392,BT879U4,
1393,ZS929O9,
1394,OI300P8,
1395,NJ339B8,
1396,VQ521Y3,
1397,XF560Z1,
1398,GJ624B1,
1399,EZ129X0,
1400,EX967C2,
1401,JL357Z3,
1402,VT445X0,
1403,BW459Q1,
1404,DO116N1,
1405,ML223N0,
1406,TG191U7,
1407,JJ670G8,
1408,UN792W6,
1409,DI640G8,
1410,HX679U5,
1411,PK957L7,
1412,YP335M5,
1413,QK534H1,
1414,LJ319A5,
1415,PU890H8,
1416,QO837E9,
1417,KW479R6,
1418,DH458D1,
1419,AY922J9,
1420,GO520F7,
1421,QL163A6,
1422,GK546O3,
1423,NL725T0,
1424,TZ502B4,
1425,RC761R7,
1426,OY516M0,
1427,EM843K0,
1428,QP164A0,
1429,VE778J4,
1430,VQ675B6,
1431,JM848C8,
1432,AR573M5,
1433,BW461U7,
1434,MR234P7,
1435,GS227A1,
1436,NZ723O7,
1437,SF532L9,
1438,IT725T3,
1439,YE864K1,
1440,GE369D5,
1441,UQ896X3,
1442,ZD296X2,
1443,NZ726I1,
1444,ML732K6,
1445,RF423X7,
1446,EM339M3,
1447,MU791T5,
1448,IU803A6,
1449,WT461H4,
1450,IW676X9,
1451,BL627H8,
1452,LL841B5,
1453,WE954P6,
1454,RQ865R1,
1455,IS757J0,
1456,QM579E8,
1457,EE569B2,
1458,JB665R5,
1459,DV904N0,
1460,AK471X8,
1461,QG594O1,
1462,HL999Z6,
1463,QY116C5,
1464,CB809B3,
1465,VG646H6,
1466,US319O9,
1467,VE231B1,
1468,EX692V6,
1469,QK107N2,
1470,AE257W0,
1471,FP231E2,
1472,LA945U9,
1473,UM952M7,
1474,DV264G6,
1475,QY780Q8,
1476,RO212C7,
1477,BF707Z7,
1478,YE998E4,
1479,CU970P4,
1480,BN116P8,
1481,SM141S0,
1482,EK387L7,
1483,KN393N7,
1484,WB630J5,
1485,AW367M0,
1486,EM415J4,
1487,KB754X2,
1488,KJ587D3,
1489,FG409F4,
1490,EN327C8,
1491,NZ264S8,
1492,FR806N1,
1493,DD383S3,
1494,AA944Z2,
1495,XA176P5,
1496,IY643K7,
1497,KI407V5,
1498,LR683N9,
1499,TB986G1,
1500,OR722B7,
1501,VF544E2,
1502,JR534X5,
1503,EW464E6,
1504,PL269Y1,
1505,GS871F8,
1506,AU892Z0,
1507,SJ560W6,
1508,NX331O7,
1509,JY940M6,
1510,DE679B4,
1511,IR721M5,
1512,NY380R7,
1513,WX486E6,
1514,XZ751Z6,
1515,NC511G8,
1516,OH109X8,
1517,ZW779Z8,
1518,HU154H0,
1519,ZZ144K7,
1520,PQ279R4,
1521,RI354P6,
1522,RZ121R9,
1523,SF833V4,
1524,EX137Z8,
1525,BY938O3,
1526,RC819U2,
1527,HQ638I8,
1528,IA771R8,
1529,FA663Q9,
1530,QO298R5,
1531,YI837H6,
1532,TB856G7,
1533,NK675P3,
1534,MJ986Z7,
1535,UF326Z4,
1536,VK548B2,
1537,MX752D3,
1538,OY754V0,
1539,IH985Q3,
1540,YC603C7,
1541,QI636I1,
1542,GO847P5,
1543,RE792I8,
1544,CJ502P8,
1545,TH197N4,
1546,BF914K3,
1547,YO733N4,
1548,OH982C8,
1549,CG883L2,
1550,FY741V5,
1551,GS713W0,
1552,RV560I8,
1553,CZ714O8,
1554,HO948M6,
1555,HP176U4,
1556,TP697Y8,
1557,KD753D4,
1558,LU407F9,
1559,WQ602B2,
1560,AN326M9,
1561,IO113M4,
1562,UU366Z3,
1563,CB528Z8,
1564,OE422Q1,
1565,EA285U5,
1566,JC676R9,
1567,CU997F6,
1568,FW782Z7,
1569,VK424E2,
1570,PO423Y2,
1571,AK989X9,
1572,OF667I7,
1573,BU730N8,
1574,ZN675W6,
1575,LM817Z1,
1576,SL908J4,
1577,UI388V6,
1578,AP353G7,
1579,PF843T3,
1580,YZ847H3,
1581,YS650H9,
1582,KU836F5,
1583,QB277D4,
1584,PH403D0,
1585,ML667Q4,
1586,NB440A7,
1587,ZK484G1,
1588,AI242U8,
1589,KY419P4,
1590,PN956V2,
1591,FX360N3,
1592,AQ110P8,
1593,TL435G7,
1594,ZC903C2,
1595,FM309N2,
1596,AN423G8,
1597,PJ164Z4,
1598,ZV625B5,
1599,BJ728H6,
1600,QG282G9,
1601,SZ846D3,
1602,KP647C8,
1603,BS978F3,
1604,QI548Q2,
1605,NC964U1,
1606,SG229J9,
1607,YY726Y9,
1608,MX668W9,
1609,JM621E1,
1610,MV953N1,
1611,DE189U2,
1612,RH644E3,
1613,MD201W3,
1614,GF961I0,
1615,XQ540G7,
1616,LN777P4,
1617,RK217A8,
1618,PU835V3,
1619,YP447W5,
1620,QP265P5,
1621,YA962C6,
1622,KR890B7,
1623,VU308Q3,
1624,WF850F8,
1625,DG383P9,
1626,GE775Q3,
1627,IV499L7,
1628,ZR157X5,
1629,JE252A3,
1630,QS245M0,
1631,BZ272N9,
1632,FG742R6,
1633,WB741F8,
1634,WH283D0,
1635,AW791U2,
1636,VS760L2,
1637,TY974F5,
1638,RY903Y1,
1639,KX399E9,
1640,FG349T5,
1641,QK976Z6,
1642,SF900R1,
1643,KW946U1,
1644,SB393V9,
1645,IH464T3,
1646,BW852M4,
1647,EA492Z9,
1648,IN388J2,
1649,QD771F3,
1650,OA242I9,
1651,YI355T8,
1652,UX987P0,
1653,OT479K2,
1654,VQ979O6,
1655,TV766J8,
1656,PJ184D6,
1657,CE536U1,
1658,VC619N1,
1659,EC527T4,
1660,EC906S5,
1661,UK103Z9,
1662,KP330T3,
1663,TW388X0,
1664,EC925I9,
1665,EL599S9,
1666,VB770W6,
1667,FH254L2,
1668,GQ705F3,
1669,AS492L6,
1670,KA260T3,
1671,HK788Z1,
1672,XQ372F9,
1673,SX105L0,
1674,RL601K8,
1675,JS581X9,
1676,EL794Z5,
1677,NB896Y2,
1678,ED300T3,
1679,DW428Z1,
1680,BK964B3,
1681,RF271K5,
1682,FT402P5,
1683,BT642B4,
1684,EW185I4,
1685,US261D9,
1686,MP607O5,
1687,XJ855P8,
1688,HY722D7,
1689,WJ554P9,
1690,RG367L6,
1691,AS712U5,
1692,PP329L3,
1693,MR679B7,
1694,SV240N4,
1695,YL433I2,
1696,UA635J3,
1697,EH345W4,
1698,WR864P6,
1699,OG235P3,
1700,GB616O7,
1701,NM707A7,
1702,GC492N4,
1703,UU691L5,
1704,CZ779A9,
1705,YQ461Z2,
1706,DP999J0,
1707,GO959V6,
1708,SC717Y1,
1709,QB407Q7,
1710,MF522B5,
1711,ZV909O6,
1712,GV677N1,
1713,ZT252E5,
1714,OS300Q1,
1715,VD804F7,
1716,PH687K5,
1717,CA282K1,
1718,YW905R8,
1719,IH664T1,
1720,BI309W0,
1721,OU834R7,
1722,DQ328O1,
1723,CG670U1,
1724,ZF190Q7,
1725,YO349F6,
1726,IP497S7,
1727,BE295E8,
1728,MB615H3,
1729,QH589U7,
1730,ZT721I7,
1731,PP585D1,
1732,CT268E4,
1733,DC456K8,
1734,FL636A8,
1735,YG590D8,
1736,TL585E1,
1737,JU870O2,
1738,SF422A3,
1739,FJ459G5,
1740,VR540S9,
1741,FA255U4,
1742,KD773I1,
1743,FU190M9,
1744,IW616E7,
1745,WO233K2,
1746,IY397W0,
1747,UP668A7,
1748,QS399Z7,
1749,DH392R8,
1750,KN995S6,
1751,TQ759Q3,
1752,AN904W2,
1753,TS519N7,
1754,YE407K4,
1755,VE833R2,
1756,RO259C6,
1757,JU451U9,
1758,LO235H7,
1759,KB619M2,
1760,VZ582C7,
1761,ON508F6,
1762,XJ979U6,
1763,IZ542D9,
1764,YX888U2,
1765,QA228D0,
1766,BP538Q4,
1767,NF888H2,
1768,KF359B2,
1769,OS186R7,
1770,VO369Y5,
1771,TQ308M2,
1772,US409P5,
1773,LQ165B9,
1774,UE273N1,
1775,JH859M2,
1776,YX127H2,
1777,OU213T3,
1778,KU417S1,
1779,GO990I2,
1780,VP213V4,
1781,BI985N2,
1782,OF572A6,
1783,PX762Y3,
1784,VL718B7,
1785,ES817T5,
1786,WH757L1,
1787,DY483L2,
1788,AR794B7,
1789,GK327E1,
1790,TO551W8,
1791,PD298B5,
1792,QZ756L4,
1793,QP886Z4,
1794,TZ525E5,
1795,IZ762F9,
1796,LF893K0,
1797,YR689J8,
1798,RR412A8,
1799,UC314J6,
1800,EJ333P8,
1801,PK847I8,
1802,HB850R6,
1803,MR810C7,
1804,RR252B1,
1805,WE135J9,
1806,EK664T0,
1807,PU530H6,
1808,YL285Q3,
1809,LR258N8,
1810,TF257G1,
1811,SB427W2,
1812,IQ680Q8,
1813,VE742V6,
1814,BO296X4,
1815,MJ436A7,
1816,VK338N3,
1817,HP644N3,
1818,QL772C5,
1819,LE345M6,
1820,GT132X9,
1821,VT663A0,
1822,DT867R7,
1823,GA947Z5,
1824,WZ906V6,
1825,ES129K9,
1826,LJ233A8,
1827,SW620F5,
1828,AY441Q7,
1829,ML558P0,
1830,PP465K1,
1831,JT255C6,
1832,GX790J0,
1833,JI385R8,
1834,RU932J8,
1835,JB817O0,
1836,ZM576H5,
1837,VT895U3,
1838,UC193U3,
1839,BI288Y6,
1840,JF653G6,
1841,MC192E8,
1842,TC809M6,
1843,NJ959G8,
1844,PF544N4,
1845,OS118I2,
1846,JS772I6,
1847,UA194T8,
1848,MY395D5,
1849,VL501H6,
1850,RX456I8,
1851,OF622B1,
1852,TD917T8,
1853,UD314V3,
1854,RV561N1,
1855,NA693K1,
1856,UP457D4,
1857,AS972P4,
1858,FZ324D0,
1859,GA174Q6,
1860,IM971B6,
1861,QT866L7,
1862,TR365M8,
1863,MG531X3,
1864,GI237O1,
1865,EJ806P1,
1866,VJ368C5,
1867,BQ280A3,
1868,OC147T1,
1869,EQ304Z8,
1870,MD446G5,
1871,XD305N1,
1872,JU398X9,
1873,HY651F7,
1874,NN245K4,
1875,MU124S6,
1876,LN870C2,
1877,YV550Y7,
1878,UG498W9,
1879,OF585L7,
1880,KR809E9,
1881,HZ436Z0,
1882,IQ542P2,
1883,OX205R3,
1884,YU781W0,
1885,XU975F5,
1886,DM317Y5,
1887,XN609J3,
1888,CD833Y5,
1889,DZ257U1,
1890,QE851C2,
1891,VF287N0,
1892,YS317I6,
1893,GF743S9,
1894,HA104R2,
1895,VB892U3,
1896,ZN292R6,
1897,SL595F8,
1898,IE608E9,
1899,LL514L1,
1900,DV951Y2,
1901,WG630K4,
1902,QB402W4,
1903,NM507J2,
1904,LU164K3,
1905,PI380R9,
1906,OJ364S6,
1907,NW171W0,
1908,FP125W2,
1909,CL853X8,
1910,AW939Q6,
1911,HJ724W0,
1912,MK446I8,
1913,TP973X6,
1914,TV492V6,
1915,GB155W8,
1916,JN667Q9,
1917,LW415N5,
1918,FJ892M2,
1919,GM283F6,
1920,CK487E4,
1921,MT603F2,
1922,AT759G3,
1923,JH574K8,
1924,MJ763K4,
1925,YQ940R1,
1926,RR189A0,
1927,XN204H3,
1928,HA279L0,
1929,YA402Q6,
1930,SJ246N6,
1931,KM488B7,
1932,VE684E6,
1933,IO419R2,
1934,VW163X2,
1935,PW971L0,
1936,VB928S5,
1937,SE632P5,
1938,YX220I0,
1939,PZ171K0,
1940,AJ393V6,
1941,JF535R7,
1942,BW363Z8,
1943,TL533Y3,
1944,LG683X3,
1945,BY433S4,
1946,HV841E3,
1947,RT580Q7,
1948,NL260D4,
1949,RE950E6,
1950,QU929E3,
1951,JF912A8,
1952,UI469N1,
1953,BZ539J0,
1954,JS656R3,
1955,NT713E0,
1956,WT869Q5,
1957,XS455I0,
1958,TN745M6,
1959,VX620O7,
1960,HH605J6,
1961,SX662P8,
1962,MG750A0,
1963,KO949I7,
1964,YV112T6,
1965,VO225A9,
1966,BH527A4,
1967,UG969K5,
1968,ZG548R3,
1969,FI394E7,
1970,YP768G7,
1971,QV714U2,
1972,OV936Q6,
1973,HT895B4,
1974,MS751L0,
1975,FW616J1,
1976,CW716W6,
1977,IR316W0,
1978,VK951L2,
1979,NZ727M5,
1980,YA902K6,
1981,RL537S9,
1982,NK184M3,
1983,CV448P6,
1984,BR339F3,
1985,GU276T8,
1986,YU709M0,
1987,FI199H7,
1988,BY376U9,
1989,GE242U8,
1990,XB853C4,
1991,ON208J8,
1992,AM781E8,
1993,WS801O1,
1994,AE338J7,
1995,SM818V5,
1996,LU824M8,
1997,QO835I3,
1998,FA360G3,
1999,LV461S6,
2000,CX125P3,
2001,FQ144E4,
2002,HL419T5,
2003,DS217W3,
2004,UL101W0,
2005,AS394R0,
2006,ET808M6,
2007,DV968X7,
2008,VO939A0,
2009,OO310V1,
2010,ZP347U6,
2011,DT844R6,
2012,BX289L7,
2013,GM560Y5,
2014,HK824Q8,
2015,FO901F9,
2016,XM755I2,
2017,ZI526G6,
2018,UZ280H2,
2019,AK294H7,
2020,PJ937K5,
2021,HF641N7,
2022,DO861Z4,
2023,KG606Y0,
2024,FC505I5,
2025,CW516R0,
2026,TY136D5,
2027,WE288H8,
2028,OC668L4,
2029,QB413J0,
2030,PJ979F5,
2031,BV864K7,
2032,DB333N3,
2033,JY695Q7,
2034,FJ407T8,
2035,GK333D1,
2036,PY340W0,
2037,KA166N8,
2038,XU107E7,
2039,JD989P7,
2040,GV484H7,
2041,CK877R4,
2042,MT545D5,
2043,RX320E4,
2044,BL315J0,
2045,KB924X0,
2046,VH454L1,
2047,QP281R3,
2048,PX623S3,
2049,JQ889Y0,
2050,VF133H4,
2051,YZ724K9,
2052,EU329K8,
2053,JU889J3,
2054,ST579I8,
2055,BQ363W4,
2056,ET328V2,
2057,ET648D4,
2058,JW263O2,
2059,MA651Z6,
2060,FI310U2,
2061,AP273M7,
2062,FL184L0,
2063,CE401T4,
2064,MT859Z3,
2065,PS765J1,
2066,JO803Y6,
2067,XB976T8,
2068,UV935P7,
2069,BC108J2,
2070,MJ124R9,
2071,XK415L6,
2072,HX805Y8,
2073,XX947A3,
2074,FP925B1,
2075,GF484C5,
2076,OK823K1,
2077,FS373H2,
2078,VG990Z5,
2079,XA560H1,
2080,XG630A2,
2081,VU537M7,
2082,AH189Q6,
2083,FJ271A2,
2084,WG170B0,
2085,OY669D3,
2086,ES942J8,
2087,ZX204R5,
2088,CQ640N8,
2089,HY166B7,
2090,MP239X3,
2091,MB249P8,
2092,RH855B1,
2093,UA616O0,
2094,MU628S4,
2095,KI578O5,
2096,JV822M0,
2097,DC195B0,
2098,MD321O5,
2099,IU747F9,
2100,LA594P1,
2101,GU494H9,
2102,SW272O3,
2103,TO633A9,
2104,KR456I4,
2105,OP442X4,
2106,FH519H4,
2107,XW256S6,
2108,FB226J6,
2109,TA783O1,
2110,XC385X5,
2111,PW796A8,
2112,BN471V1,
2113,ED546F7,
2114,HY981W0,
2115,ND993Z7,
2116,DV321B7,
2117,OT206M4,
2118,BX601E3,
2119,PC556P8,
2120,PX635N9,
2121,UN669R1,
2122,YS502R5,
2123,GS939A4,
2124,DJ492R1,
2125,LH678I4,
2126,WS795H1,
2127,LJ435Q6,
2128,UC246G9,
2129,PN470N4,
2130,ST978K5,
2131,FE818E9,
2132,TO411P2,
2133,AY799X7,
2134,TD479Q5,
2135,YO855O5,
2136,OW874D2,
2137,RU396J5,
2138,HI702L8,
2139,CZ477K5,
2140,UV285A2,
2141,KC893W2,
2142,JZ320P6,
2143,ZV557P3,
2144,VM281H1,
2145,CW928T8,
2146,LK674P4,
2147,HM200U4,
2148,OH407I9,
2149,WB453M2,
2150,BW193S5,
2151,CO294D3,
2152,HM749V3,
2153,KM966X7,
2154,AF613O5,
2155,UL888F7,
2156,NU974N0,
2157,ID939U3,
2158,UV668L9,
2159,KZ932M2,
2160,RW948W2,
2161,MK364K8,
2162,RV990C2,
2163,BC567U8,
2164,EY376K1,
2165,SK675U4,
2166,YT271P6,
2167,IJ697M1,
2168,YH228G8,
2169,FA697T7,
2170,DO406O0,
2171,SZ331D3,
2172,TH126K4,
2173,WO553S0,
2174,ON103U3,
2175,JW320Z4,
2176,DO528A9,
2177,LS755L4,
2178,QP243F1,
2179,AE315F1,
2180,RC120O9,
2181,YF479C3,
2182,JB191B7,
2183,BV777Y0,
2184,GY537R4,
2185,HT101G8,
2186,GW839S4,
2187,IU575E1,
2188,NY979V2,
2189,HX316Y4,
2190,QP669B6,
2191,VI461H4,
2192,OA957E0,
2193,NW620G6,
2194,HK636G5,
2195,QT146U3,
2196,EH829E4,
2197,RY499X4,
2198,IB857A7,
2199,QB755Q0,
2200,DV708T5,
2201,VX195T6,
2202,PF616X5,
2203,XX279I1,
2204,YE319P1,
2205,SF305D3,
2206,RP979T0,
2207,PC459U4,
2208,FJ944G2,
2209,XB769E7,
2210,NS392Q2,
2211,IS135B5,
2212,VZ412A9,
2213,OS558I7,
2214,XD170E1,
2215,ST944Y2,
2216,GH541E6,
2217,QW493X3,
2218,BV112K4,
2219,JH923H2,
2220,TY882T4,
2221,EV667M8,
2222,DH834B2,
2223,WN783U9,
2224,HU344A4,
2225,LR994C6,
2226,MQ350N5,
2227,SL793R6,
2228,NX125R3,
2229,OV472W7,
2230,AK490W5,
2231,SU472X3,
2232,ZP335Y7,
2233,IL431P3,
2234,YU934Y9,
2235,RW778K0,
2236,SJ337W3,
2237,OA533Q8,
2238,SE586E3,
2239,AR821E9,
2240,KN594M1,
2241,LZ329S5,
2242,RU740T6,
2243,SJ726L5,
2244,BS665O4,
2245,VT300B6,
2246,GY290M1,
2247,TC841A9,
2248,PM864R9,
2249,RA282C8,
2250,SS893U7,
2251,SY446B5,
2252,OS101X3,
2253,MN575T3,
2254,QC437A4,
2255,MQ951O8,
2256,SI703U2,
2257,EO519F6,
2258,GP697M8,
2259,XK715L0,
2260,PR703E4,
2261,LP162K0,
2262,NA921M8,
2263,MR279M3,
2264,TP148H8,
2265,FJ545C5,
2266,OH898Z9,
2267,QM867P9,
2268,FO592Y9,
2269,XM524O4,
2270,SU830K1,
2271,WZ613U7,
2272,XP606H9,
2273,ZW690O7,
2274,YW601C8,
2275,NC778Z4,
2276,KO610A0,
2277,SU836L2,
2278,ZW454S9,
2279,EJ664H2,
2280,DX878L1,
2281,IC887L0,
2282,CY163X8,
2283,ZY247G3,
2284,NX702J9,
2285,KK489S0,
2286,HN941E2,
2287,GF736L3,
2288,JB507O3,
2289,YA969F8,
2290,WB772G4,
2291,LT988D4,
2292,AH450T6,
2293,GE737L9,
2294,GU108O8,
2295,DT224R5,
2296,AC157N6,
2297,MO276Z8,
2298,IV337W8,
2299,VQ415G1,
2300,TT643V2,
2301,NY900H3,
2302,HL778M4,
2303,FE518Z5,
2304,GE611G8,
2305,ID526C5,
2306,YW428B4,
2307,AR190Z2,
2308,RM870G4,
2309,LY584U3,
2310,NJ456K9,
2311,PL996F0,
2312,TF740R3,
2313,EF338C8,
2314,YE214T9,
2315,QE410F3,
2316,PN776H5,
2317,QD209P5,
2318,PP864Z0,
2319,SZ819N3,
2320,NQ752M2,
2321,ZT784I1,
2322,CQ722D6,
2323,UP935A4,
2324,GE315V5,
2325,XE263E6,
2326,CM652S6,
2327,SV206O1,
2328,SN363S9,
2329,QJ854S1,
2330,YW354Y2,
2331,ED407X9,
2332,EP368J2,
2333,ZN262E6,
2334,SD630C2,
2335,FI305W1,
2336,EP453W3,
2337,HP714E9,
2338,FG441A6,
2339,RB228S0,
2340,JS691Q1,
2341,TL941U1,
2342,MC193Z6,
2343,RF646U3,
2344,EK927O2,
2345,SQ746I9,
2346,YK652H1,
2347,SM886D4,
2348,ET878V9,
2349,TY569R5,
2350,YY837M2,
2351,EU268B6,
2352,AR192I1,
2353,CK335B9,
2354,WA789P2,
2355,MM385F5,
2356,QR510T1,
2357,BM285O2,
2358,DK686G7,
2359,HH668G4,
2360,NE952H8,
2361,EX161S0,
2362,GE122Q7,
2363,IC381U0,
2364,QU900I9,
2365,DL768T8,
2366,TI478H2,
2367,QG342K5,
2368,PR533U7,
2369,XF496N5,
2370,JA743Q3,
2371,CE660U1,
2372,RG396X1,
2373,CC810H7,
2374,GC408U6,
2375,FU125Q7,
2376,DS479T9,
2377,FI613G9,
2378,EZ648X0,
2379,OW651I7,
2380,BH137Q8,
2381,VL231C0,
2382,HR142D5,
2383,MS518J4,
2384,FO484T7,
2385,WH644P2,
2386,JE961F2,
2387,SI626Q9,
2388,FX395E3,
2389,QF230W1,
2390,TI940Y2,
2391,PT967D1,
2392,TL254N7,
2393,ER451R7,
2394,JK282N5,
2395,AZ561K5,
2396,YZ884S0,
2397,BH190T3,
2398,GS545G6,
2399,HB932W8,
2400,EM460S6,
2401,AK920R1,
2402,IE688P0,
2403,WJ312S0,
2404,UC139C2,
2405,LR639S0,
2406,WF613J1,
2407,KC614F2,
2408,TA497G0,
2409,AX909L1,
2410,OB224L3,
2411,SN476H3,
2412,EJ901R8,
2413,OK858K7,
2414,TB932B6,
2415,DP792G3,
2416,ZS151Q0,
2417,NN247T7,
2418,JA173L0,
2419,BR472Q6,
2420,UV642H3,
2421,HN482O9,
2422,FL851Z4,
2423,UA514G5,
2424,AW632A2,
2425,NY800L1,
2426,RO806P9,
2427,LL854K5,
2428,UH952S4,
2429,FH206F1,
2430,AQ668Z8,
2431,JV721G7,
2432,KN302M6,
2433,DU878M3,
2434,ZW351F7,
2435,FS262M6,
2436,MT925E0,
2437,VI670W5,
2438,ZN282C9,
2439,JL867T7,
2440,DJ656I4,
2441,LU566S0,
2442,MG407B3,
2443,HP475S9,
2444,EG602D6,
2445,PA494M9,
2446,BL810O9,
2447,SV655D3,
2448,JT847J3,
2449,XW138X5,
2450,OV952B4,
2451,VG534N7,
2452,LN105N4,
2453,IN677N6,
2454,IH816U0,
2455,VE937A0,
2456,UC688I3,
2457,ZQ540I1,
2458,RD390O7,
2459,MK683B8,
2460,SL521Y8,
2461,HV932R9,
2462,JJ794T2,
2463,SC177P7,
2464,GC634N0,
2465,AY777O0,
2466,SU658W5,
2467,BZ426E8,
2468,XY364C7,
2469,UG575V5,
2470,MF630V6,
2471,EY708U4,
2472,UH213X8,
2473,IR440O5,
2474,QB542T7,
2475,RW622M0,
2476,AA515O7,
2477,ZD602I9,
2478,RJ781J4,
2479,ZU147L5,
2480,PC392O5,
2481,LJ892A4,
2482,CT846D9,
2483,TL897Z3,
2484,RT532K6,
2485,VY150U9,
2486,EU546U7,
2487,AG776E8,
2488,UC296Z7,
2489,EC222M3,
2490,MM939D4,
2491,KP316Y8,
2492,CR145V7,
2493,KG215G8,
2494,HA919J1,
2495,JD577X4,
2496,DL814R2,
2497,VI960I2,
2498,OE102O0,
2499,VB237W1,
2500,YR177L7,
2501,IR915Z8,
2502,SD453R4,
2503,KR535Q6,
2504,UJ799V6,
2505,DJ505R8,
2506,TQ128P0,
2507,PY977E3,
2508,LC101V3,
2509,DZ695G4,
2510,KZ371T9,
2511,MQ840F0,
2512,YP114X8,
2513,TJ971A4,
2514,WD453T2,
2515,OA140X8,
2516,YZ834V4,
2517,CZ389W1,
2518,CC386F6,
2519,BW517W2,
2520,YX131Y2,
2521,CA422R2,
2522,MH548L7,
2523,UA643V6,
2524,FT358R3,
2525,XW533Q0,
2526,PV169Z4,
2527,HG232E1,
2528,ON430P7,
2529,DU702I4,
2530,DV510B2,
2531,HJ248R5,
2532,SM737U6,
2533,HG959F0,
2534,BJ756Q4,
2535,KX105G4,
2536,VF627Y0,
2537,WG996I2,
2538,ND959O7,
2539,XR678P8,
2540,NK310U8,
2541,MD197Q7,
2542,QS984M7,
2543,LV386F6,
2544,HF986A1,
2545,SQ937G2,
2546,RZ624I6,
2547,WL173X2,
2548,EX985R3,
2549,ZC921Q6,
2550,MJ124U6,
2551,MW743S4,
2552,WG792I3,
2553,PJ363V0,
2554,SB859A1,
2555,WR872R3,
2556,TW354Q1,
2557,YN608A7,
2558,HY889Q3,
2559,KY567F6,
2560,GL924O1,
2561,LV323R2,
2562,ZU540R0,
2563,SI936C4,
2564,SQ604K2,
2565,OD204I2,
2566,YA284J5,
2567,AC650N6,
2568,DG421J6,
2569,MR172A4,
2570,QY694T8,
2571,DZ920Z4,
2572,SF895G1,
2573,QH781V5,
2574,OG694J8,
2575,RQ471G7,
2576,BN573W7,
2577,HN915Y9,
2578,WO903N7,
2579,WL579W9,
2580,LY699T5,
2581,CX245C7,
2582,TW710A2,
2583,UT478B7,
2584,IF270X0,
2585,UD705G3,
2586,XP461F0,
2587,SD613F5,
2588,LJ880N6,
2589,WI958Q7,
2590,WM960P9,
2591,KG772G3,
2592,YU180K0,
2593,WJ747N6,
2594,FD629P8,
2595,OJ194W7,
2596,SN118D5,
2597,HO659D7,
2598,WS467A1,
2599,DC489Q5,
2600,LC960D5,
2601,RB145W6,
2602,BN213Y6,
2603,TC164Z5,
2604,TF196N6,
2605,YU953L6,
2606,VP460E4,
2607,QS973O2,
2608,QS504K3,
2609,CC634A1,
2610,VY318K8,
2611,FY811R7,
2612,AI540Z7,
2613,MQ629G0,
2614,JY477I8,
2615,KA725X4,
2616,OC443O6,
2617,OO256A7,
2618,WE615X2,
2619,HN654Q4,
2620,VU222C9,
2621,KC306G7,
2622,MJ110H5,
2623,QM833A5,
2624,AC316C0,
2625,JQ708H2,
2626,SK237S6,
2627,BY681J0,
2628,MR999L2,
2629,ZK203Z2,
2630,BF122X7,
2631,DK150W6,
2632,YK285P0,
2633,PV779G4,
2634,OC390X7,
2635,CB360J5,
2636,QV403M9,
2637,MF396P2,
2638,RO936Q9,
2639,TR172U1,
2640,KP476J6,
2641,SI468J3,
2642,DZ553C7,
2643,FF127U2,
2644,SG743Y8,
2645,YM631V9,
2646,WU538Y8,
2647,KV564N3,
2648,FJ472X0,
2649,ZW689M9,
2650,AO331T7,
2651,AQ428Y7,
2652,QG341N1,
2653,ER501P8,
2654,XH146Z0,
2655,RX797R3,
2656,VO947N0,
2657,BE844F7,
2658,QX600H6,
2659,CL648M4,
2660,BC299Y0,
2661,VY104B7,
2662,NL761R8,
2663,ST633Y8,
2664,RK667P1,
2665,IK249T3,
2666,PR903F1,
2667,WA670E6,
2668,ZY223L3,
2669,JZ734X0,
2670,SJ116J3,
2671,CV106P2,
2672,IP173G8,
2673,KB570U8,
2674,GI208A8,
2675,RQ973U9,
2676,HQ290G6,
2677,QK224L0,
2678,RT294W2,
2679,GR278C9,
2680,IE609R3,
2681,XZ346T9,
2682,LI116I2,
2683,YL947S5,
2684,FU142D4,
2685,OX757U8,
2686,AM460A9,
2687,AS432I4,
2688,PP831V9,
2689,OP370L5,
2690,LN598X5,
2691,ZV459I0,
2692,WV362E4,
2693,DD698H3,
2694,CK809I5,
2695,AI740W2,
2696,XY761D7,
2697,ZC775K5,
2698,QL226T7,
2699,JL279R8,
2700,HA396I6,
2701,QZ174X8,
2702,CM337R3,
2703,SE463N2,
2704,XW715U4,
2705,FK374T9,
2706,WH696V6,
2707,UN179Z2,
2708,ZR981M9,
2709,AY804B1,
2710,IZ181G8,
2711,UL667K3,
2712,UE505Z3,
2713,RP564M7,
2714,CS869U0,
2715,ZB327D3,
2716,WN136Z7,
2717,MC191N7,
2718,WU523E9,
2719,WQ383Q7,
2720,KS197J2,
2721,DF355Y4,
2722,TI698A0,
2723,MH112C4,
2724,ME269L3,
2725,HS570W1,
2726,KS409I7,
2727,OJ587B1,
2728,PM477H8,
2729,RU249R7,
2730,KP914T5,
2731,CR973C4,
2732,MQ995Y9,
2733,MN271K8,
2734,NY310D5,
2735,IX317C8,
2736,OZ930P2,
2737,RI308W8,
2738,BT432W4,
2739,HR928F0,
2740,WS497O7,
2741,EB616A9,
2742,EF157C8,
2743,HZ243C5,
2744,JK233E9,
2745,NL701T6,
2746,SP540I3,
2747,CK512K2,
2748,ST899R6,
2749,BE228C1,
2750,LN473T1,
2751,JQ194E1,
2752,LO513Q9,
2753,OS762A7,
2754,OD213S8,
2755,YG186K9,
2756,GQ957E4,
2757,JC764J5,
2758,WS554K9,
2759,AS746X2,
2760,FY135B5,
2761,PW107X7,
2762,PR915K3,
2763,IR675R7,
2764,YJ297W4,
2765,GB798Q7,
2766,CM545B1,
2767,QM961F0,
2768,TW350Z8,
2769,XF261E9,
2770,VE116Q7,
2771,GS148P0,
2772,PD309D1,
2773,MW864V4,
2774,UZ395J6,
2775,JO221V5,
2776,JI483M0,
2777,ZW639D1,
2778,PY477B6,
2779,MB635M5,
2780,VP921K1,
2781,OV409W1,
2782,KS152R1,
2783,VW637Z2,
2784,IE736Q3,
2785,BJ507H5,
2786,NC194G5,
2787,TB257C3,
2788,WH267S1,
2789,KJ712S2,
2790,UB136C6,
2791,PN249G3,
2792,YG791U9,
2793,BL724A0,
2794,WM368Z1,
2795,CE992B5,
2796,OS528P1,
2797,HP897H0,
2798,VM204S3,
2799,SJ478I6,
2800,OE218X3,
2801,IR612S1,
2802,AM661P8,
2803,PO477Y9,
2804,US409Z0,
2805,OJ493O3,
2806,HB295J3,
2807,NW834S7,
2808,KZ829G1,
2809,NK985A8,
2810,RZ294X0,
2811,OF972L4,
2812,LC404N4,
2813,MW630Q0,
2814,SC690I8,
2815,HN152J3,
2816,LM865V6,
2817,LN663J4,
2818,TB695E5,
2819,QL979W4,
2820,IH514Y5,
2821,LR771X7,
2822,XM631J3,
2823,QV122O4,
2824,IM197J6,
2825,BM702O5,
2826,VH697I3,
2827,UI548Q2,
2828,YV188T7,
2829,BH121E4,
2830,IH638O5,
2831,CX900E2,
2832,WJ909F0,
2833,DT174J7,
2834,LZ766K9,
2835,XU854J0,
2836,CL196G5,
2837,BL925H4,
2838,JA805H2,
2839,JA499P3,
2840,RU492J0,
2841,WW789E6,
2842,TW692H7,
2843,YR711O5,
2844,FV525W4,
2845,SA925Z8,
2846,ET584G3,
2847,CT474R8,
2848,YN301I5,
2849,EI363S7,
2850,AB137L4,
2851,GG973D4,
2852,CJ239H0,
2853,IT871F4,
2854,MX220W3,
2855,HV253G9,
2856,PY349N5,
2857,PZ686O9,
2858,VH634A1,
2859,EZ197F4,
2860,NR796W4,
2861,VY111E0,
2862,YK701Q2,
2863,QH911C8,
2864,IT356C8,
2865,DT538G2,
2866,PK549F1,
2867,AY377Y2,
2868,KZ960J8,
2869,WM478Q2,
2870,SG219U5,
2871,VO768K7,
2872,HR539Z2,
2873,IN124L9,
2874,HE540F7,
2875,LO385P7,
2876,MJ119L5,
2877,FE795G5,
2878,IC396O2,
2879,UZ151E6,
2880,KC957W0,
2881,YU763O2,
2882,KL963G0,
2883,NE737T3,
2884,BR158I2,
2885,KA370A5,
2886,SO550L9,
2887,JI737O8,
2888,YZ448H0,
2889,SC740A1,
2890,MU160A0,
2891,MC325O8,
2892,IM645C9,
2893,ZL549V9,
2894,SK806P5,
2895,KR884K3,
2896,DD887Z6,
2897,SG702V0,
2898,MN699K1,
2899,SU652C2,
2900,YA759S9,
2901,IC497Y4,
2902,NW589G5,
2903,JX187X0,
2904,GD216F2,
2905,UW174G9,
2906,EJ362R8,
2907,JJ199U3,
2908,TE155K0,
2909,SZ705X4,
2910,AL746V9,
2911,NL365F0,
2912,HC793H9,
2913,YN152B0,
2914,SO961Z4,
2915,DS832N7,
2916,XN421W8,
2917,HD149A6,
2918,YO943R0,
2919,MD508I4,
2920,GV731Y8,
2921,LC168R0,
2922,KU242K6,
2923,MX784D3,
2924,ZP227S0,
2925,QU625W4,
2926,TO971K7,
2927,HZ848P5,
2928,RR565F8,
2929,IY743X8,
2930,WG706O6,
2931,LJ481J6,
2932,SK659E9,
2933,PC421W8,
2934,CL614L9,
2935,UU649F8,
2936,QO582L5,
2937,BG619J1,
2938,AF169E0,
2939,EE744I7,
2940,QG415Y6,
2941,SZ711T0,
2942,EO698I2,
2943,AT656L8,
2944,DG904J6,
2945,JC416F5,
2946,WY897T4,
2947,RR360X9,
2948,SZ756Q1,
2949,FI917S2,
2950,WG567I8,
2951,AY538A1,
2952,ZW189V6,
2953,EO931R9,
2954,LZ394E5,
2955,XX454C3,
2956,FJ962U2,
2957,MI774P9,
2958,EV788W9,
2959,SD465D1,
2960,VC880P7,
2961,GU534Q0,
2962,MT200B2,
2963,LW285F6,
2964,HU423E0,
2965,GO832W8,
2966,VC867H0,
2967,RB353O1,
2968,FZ180J8,
2969,AF180P1,
2970,JP101Q3,
2971,FI411H1,
2972,HT532W6,
2973,WU762W4,
2974,QM176G2,
2975,LQ318G9,
2976,EK548J6,
2977,OM265H3,
2978,IT684T0,
2979,VC901C4,
2980,WF584E8,
2981,RL904S3,
2982,PQ880H6,
2983,HP986S6,
2984,FT261P0,
2985,XQ548T5,
2986,QY126Y6,
2987,CN915S4,
2988,PQ281C9,
2989,PX667C2,
2990,YY505G9,
2991,TT401G6,
2992,XL322S6,
2993,LO243E1,
2994,CA777J8,
2995,GB954E2,
2996,BS156R4,
2997,UK449B0,
2998,AY141N8,
2999,CR108F9,
3000,LH192B6,
3001,FC429L3,
3002,HX942T5,
3003,YN326Y9,
3004,IP514F3,
3005,EX447S1,
3006,KW108J1,
3007,VF948M3,
3008,CM547R7,
3009,LY670D5,
3010,CV255R4,
3011,QL373L4,
3012,AN298G9,
3013,XL157C9,
3014,UM706L3,
3015,WZ751B9,
3016,FX543I7,
3017,RS522V9,
3018,PE744Q8,
3019,UG621P6,
3020,VE728C5,
3021,TU836P5,
3022,VU997Y9,
3023,BC681J2,
3024,CN494M1,
3025,OI547H8,
3026,AX225O6,
3027,EI607W5,
3028,AM425L6,
3029,BQ143D3,
3030,TX747W2,
3031,VR160M3,
3032,PQ542Z6,
3033,FR231K3,
3034,IW976O8,
3035,QJ945O6,
3036,ZM643S1,
3037,RX314X8,
3038,VB766H5,
3039,GJ381H0,
3040,ZH780J3,
3041,JG392U0,
3042,PE909B9,
3043,YL262X1,
3044,YP940C3,
3045,QS745C2,
3046,BU964L2,
3047,SJ987J0,
3048,TK690F5,
3049,HB989T2,
3050,FI806M0,
3051,OM495D9,
3052,UF112I6,
3053,AD791D7,
3054,NL298G9,
3055,AB372M3,
3056,OV411P2,
3057,SF995E0,
3058,ZE845S2,
3059,OJ312K5,
3060,IX766C3,
3061,OM223A5,
3062,BV449Q0,
3063,IZ618B9,
3064,KW125X2,
3065,NG366M1,
3066,OL507P2,
3067,HB140N5,
3068,YG843C8,
3069,DF445I2,
3070,UE202J4,
3071,TD551Y2,
3072,TS227Q1,
3073,AX480O8,
3074,ZE697R9,
3075,VJ406Q7,
3076,JM833N8,
3077,EE487Z5,
3078,RD895K6,
3079,CL936B5,
3080,DR585M1,
3081,TW480I8,
3082,QH585E6,
3083,UQ888S0,
3084,HH191P5,
3085,DD421M5,
3086,II700P0,
3087,BQ877H6,
3088,YO286I5,
3089,CN747G6,
3090,IO810O7,
3091,MT113U8,
3092,YA632A7,
3093,NR202L6,
3094,PG658D6,
3095,OI851F5,
3096,JO104O0,
3097,II952O4,
3098,VU623N4,
3099,CU130N0,
3100,HG821K9,
3101,AB512H8,
3102,EB916Q9,
3103,SF509N5,
3104,UW571P6,
3105,YM228U5,
3106,PG804D8,
3107,QZ124X4,
3108,FD841I9,
3109,WJ255F8,
3110,XZ959C7,
3111,HG565F3,
3112,JX940Q2,
3113,EB328T3,
3114,IX352I5,
3115,EO511X8,
3116,TL585L4,
3117,VG523H9,
3118,AR120F9,
3119,TC485D3,
3120,AI226P2,
3121,VJ694F7,
3122,ZB413S6,
3123,ZB423N2,
3124,QV148F3,
3125,XK396Z0,
3126,DN128P0,
3127,VF183Z5,
3128,ZY849D6,
3129,MX552B6,
3130,KH639F4,
3131,HL345I3,
3132,PH297V0,
3133,PW417U9,
3134,EQ224C9,
3135,EE436X9,
3136,UX297R9,
3137,NN798M7,
3138,NR225Z9,
3139,QR621R4,
3140,JZ720N3,
3141,HJ884O7,
3142,AK247B5,
3143,XB607Q3,
3144,IB924J1,
3145,CW670G4,
3146,KC209N7,
3147,WK332U1,
3148,LV535B2,
3149,LH507V1,
3150,YU431I4,
3151,IM388L7,
3152,DP105I3,
3153,PY576U0,
3154,ZH546W1,
3155,OP832W9,
3156,OR329W7,
3157,DM895W8,
3158,ZK491D2,
3159,IN884N3,
3160,UI639E4,
3161,QA775H2,
3162,LK471D6,
3163,PW250V4,
3164,UA288U0,
3165,VQ498O5,
3166,ZZ102U5,
3167,NU243M5,
3168,HO123V8,
3169,YW469S6,
3170,SJ823N5,
3171,NU822Q2,
3172,TQ706K1,
3173,VL221Y7,
3174,VI201Q3,
3175,PJ305J5,
3176,ZL214K7,
3177,TE790P2,
3178,VB519G5,
3179,ZF838A6,
3180,CE119X2,
3181,LR603M4,
3182,FT737T6,
3183,VX755J0,
3184,ZQ963H2,
3185,OP326Y2,
3186,YH336G3,
3187,US655D2,
3188,HR680U3,
3189,EK575K8,
3190,HU263R2,
3191,MU606J0,
3192,PD429G6,
3193,VW204E7,
3194,EE490C0,
3195,TC450F5,
3196,KM520H6,
3197,OM609R4,
3198,OP973B5,
3199,AC192X2,
3200,RQ553B2,
3201,OI453C6,
3202,US416U0,
3203,OV411U4,
3204,CM219Y3,
3205,CL832A7,
3206,NO361S5,
3207,OK712S5,
3208,ES326O5,
3209,WT949V3,
3210,FH815P6,
3211,QY188D0,
3212,LF109X6,
3213,CY230F9,
3214,CR245D3,
3215,OE938X6,
3216,EB466Z2,
3217,AS362G9,
3218,XO986Q9,
3219,IN795R7,
3220,QK784L5,
3221,BE574S8,
3222,YK597G4,
3223,ZR594N7,
3224,DL142N7,
3225,ZV876Q6,
3226,NF575O9,
3227,SM952Q0,
3228,PB674U3,
3229,VS454K4,
3230,NS858R4,
3231,RS352L3,
3232,KP665P1,
3233,HW523C2,
3234,OZ489E1,
3235,JJ503E4,
3236,WA649P7,
3237,TQ349B8,
3238,ZW736D3,
3239,DG530G3,
3240,KJ296G4,
3241,NS234M0,
3242,VT366O6,
3243,VO712H7,
3244,SI842S4,
3245,PU246S0,
3246,GE144K1,
3247,WJ979N3,
3248,CW836Z5,
3249,HL512Q4,
3250,ZV553K7,
3251,US338Y7,
3252,FZ114H4,
3253,SK576J7,
3254,TH270C3,
3255,LI696M6,
3256,KA978A5,
3257,HG792T6,
3258,HM630D3,
3259,UM267W8,
3260,FX316B2,
3261,TJ726U3,
3262,KG667I4,
3263,MR794B5,
3264,FO922S8,
3265,TU430E4,
3266,IG163H5,
3267,RX902P0,
3268,IM489N7,
3269,EY729C3,
3270,ZN704D7,
3271,KN254X0,
3272,ZY736K4,
3273,QA341T6,
3274,HA540T6,
3275,YH739E6,
3276,MP565C8,
3277,CB223J8,
3278,XA335X2,
3279,KY984V3,
3280,RQ688B2,
3281,QK100Q4,
3282,CR819Y1,
3283,AM981T7,
3284,ZG703K4,
3285,SI314Z8,
3286,UI425P1,
3287,QH728X2,
3288,AT690Y8,
3289,AP952G5,
3290,TX940A8,
3291,PG965Z9,
3292,IA165A0,
3293,WP333E6,
3294,QY134I5,
3295,ML987E5,
3296,EX299K5,
3297,LI733W3,
3298,NK242H9,
3299,FL349Z9,
3300,YP186J8,
3301,AW354D8,
3302,TY408F4,
3303,EY603C9,
3304,ZX306K2,
3305,GL326O1,
3306,YX407C6,
3307,XV697J0,
3308,ZQ492D5,
3309,CK729Q5,
3310,CV854A6,
3311,NZ565B3,
3312,AM145T6,
3313,XW898K1,
3314,IB310F4,
3315,MK579V7,
3316,NL396Z7,
3317,KW345V7,
3318,VK973R5,
3319,JJ817T8,
3320,PJ569M8,
3321,MY191D0,
3322,PI905V5,
3323,YK948V7,
3324,RL260F6,
3325,NX871R9,
3326,TE422S8,
3327,OW704Y9,
3328,RT993Q2,
3329,HY486O8,
3330,RG940A2,
3331,AU633Q6,
3332,UN153Z7,
3333,YN899F7,
3334,ZA622B7,
3335,FV339A3,
3336,YI207T0,
3337,GI592B6,
3338,QR531Y9,
3339,PM910O9,
3340,KA869P8,
3341,LR874O2,
3342,KQ104Y9,
3343,WU621G2,
3344,ZY828U3,
3345,IT877Y2,
3346,YM977F9,
3347,KX740Z3,
3348,IJ897U8,
3349,PV947H9,
3350,GW244S5,
3351,AP205L1,
3352,EN823Z8,
3353,DK674I5,
3354,JU937B5,
3355,ZG782C0,
3356,QB461R5,
3357,EV329Q5,
3358,OL263P1,
3359,HH739E1,
3360,VV476B3,
3361,EJ473I5,
3362,TK904Z1,
3363,DX102O3,
3364,AW413W1,
3365,WQ471O9,
3366,QD458U8,
3367,MQ849K9,
3368,FJ412E4,
3369,SZ111A9,
3370,BP412M3,
3371,BU226P0,
3372,ES225H2,
3373,RM664Q1,
3374,QS699Y2,
3375,JO782D1,
3376,YU207M3,
3377,VW320W9,
3378,BP744S2,
3379,HS706S0,
3380,AF775N7,
3381,EB167Z7,
3382,OJ695F9,
3383,GC208A9,
3384,OC119J6,
3385,EB940V8,
3386,OD332I5,
3387,GU842Z5,
3388,UH885P6,
3389,TS410C0,
3390,HZ507Q8,
3391,QF151X3,
3392,AY457T3,
3393,TT207M1,
3394,HS509J3,
3395,EM205C0,
3396,QG800H1,
3397,XH626H1,
3398,DJ594R7,
3399,CH331O8,
3400,UE818O7,
3401,FG383W4,
3402,UE546F8,
3403,PT533C5,
3404,XD839X6,
3405,OT907F7,
3406,TS526H2,
3407,GB440R7,
3408,ER922U1,
3409,PN392O5,
3410,JX231I6,
3411,QA965S3,
3412,PQ377N2,
3413,IO684A8,
3414,GJ844V4,
3415,ZW100T0,
3416,VT446C5,
3417,NW145D1,
3418,MI124S6,
3419,PH688P2,
3420,AB360X7,
3421,LU338X6,
3422,HW193H2,
3423,OW437A4,
3424,KI495S6,
3425,IK110N3,
3426,IB179F5,
3427,WS746X9,
3428,WM856P0,
3429,WM527X4,
3430,MI356L1,
3431,PN151N4,
3432,CF801M2,
3433,GV976H4,
3434,FI892L6,
3435,BL160A3,
3436,VJ367W7,
3437,DH228A7,
3438,YU907B4,
3439,BR114W4,
3440,ZG565L0,
3441,TN159H6,
3442,NM374X4,
3443,ID506X2,
3444,CZ569D5,
3445,YY362M2,
3446,PF764R4,
3447,TB675T7,
3448,TM166M0,
3449,GQ392O8,
3450,PS399N7,
3451,TO160E8,
3452,GX493C7,
3453,CV767D1,
3454,OI425N1,
3455,OA282D6,
3456,KV393O1,
3457,UC722P8,
3458,QL971E2,
3459,TM998A8,
3460,ID531Q5,
3461,IP398X2,
3462,LZ308F4,
3463,YO190I4,
3464,MU147S2,
3465,WE579W7,
3466,EG456I9,
3467,LI972R2,
3468,ZN486L4,
3469,YG458Q5,
3470,JP645V5,
3471,CL521J5,
3472,YO964H8,
3473,KG333E1,
3474,OE527I7,
3475,RW512M2,
3476,KM624W2,
3477,MX953C4,
3478,XT740X7,
3479,DJ162D4,
3480,WO683Q7,
3481,IG635E4,
3482,OI352H2,
3483,BH144P9,
3484,BK500M5,
3485,ZZ687D7,
3486,ZO871S7,
3487,DE629K8,
3488,OL877L1,
3489,IG771I5,
3490,LY385X7,
3491,YM491I1,
3492,ZU731H2,
3493,XA696L6,
3494,IC963S9,
3495,TP722X1,
3496,MN385Z7,
3497,MT357K3,
3498,UW815P2,
3499,NM570Y7,
3500,LQ446X2,
3501,AQ649N5,
3502,WU102Y8,
3503,JM227Q0,
3504,HN334H5,
3505,XI578L2,
3506,JA456U1,
3507,NB817J3,
3508,CD777S4,
3509,JW393T2,
3510,HN272H0,
3511,YT462B2,
3512,PT150D5,
3513,RW725P4,
3514,MS998J2,
3515,RC597C7,
3516,KG415O9,
3517,RI478L2,
3518,KJ343V2,
3519,PX681A8,
3520,HD636C4,
3521,GG565O6,
3522,EJ697L1,
3523,VF776R1,
3524,YL136F0,
3525,ZQ585U8,
3526,IL792S6,
3527,UK254A2,
3528,TB649D0,
3529,XD524W1,
3530,TT613G7,
3531,FC705G1,
3532,PO516B2,
3533,QT395W2,
3534,JR810P4,
3535,LP579K1,
3536,VC143B4,
3537,KI424V1,
3538,EU892Z4,
3539,GU856N9,
3540,NG710A7,
3541,BN239K4,
3542,IQ349W0,
3543,QR329P1,
3544,OX951T5,
3545,TY286V1,
3546,OO433E5,
3547,VO606T0,
3548,YU220F7,
3549,TL484T4,
3550,JF840G3,
3551,DP913D8,
3552,CP685A8,
3553,TZ349T4,
3554,OF350D1,
3555,PL331J7,
3556,SQ865S5,
3557,MG326X3,
3558,AV924Q8,
3559,PM173J0,
3560,IA387R9,
3561,MA372C8,
3562,PD457Q3,
3563,NN704M9,
3564,OO845X7,
3565,SQ332N4,
3566,DL839Z9,
3567,CU274I4,
3568,NR159S2,
3569,GP511S8,
3570,MO968J9,
3571,QX246M9,
3572,YY293G3,
3573,BC704R0,
3574,GB313Q5,
3575,GC782I8,
3576,UV330Q2,
3577,SU721X4,
3578,QY679M8,
3579,OR398I0,
3580,OO154J7,
3581,NG612S9,
3582,ZP112C5,
3583,QN795U5,
3584,WD147P9,
3585,FM363F7,
3586,OJ896X2,
3587,CH340U8,
3588,UD493O8,
3589,ND852E2,
3590,YM985I2,
3591,UL995H9,
3592,DW962K6,
3593,ZC540L0,
3594,EU952E6,
3595,UY463S0,
3596,ME863M2,
3597,FK526R1,
3598,CN658O4,
3599,EO785Z5,
3600,MS998M8,
3601,IF662M0,
3602,UB855U4,
3603,AP460H0,
3604,HI719Z2,
3605,JW756V7,
3606,YL406H7,
3607,KN639Z8,
3608,QH924T7,
3609,PP430G6,
3610,SD889G8,
3611,YH566G6,
3612,BY637I2,
3613,XZ676H0,
3614,GA772K6,
3615,JJ820E6,
3616,SM805Z0,
3617,BM414T5,
3618,OS221D4,
3619,HN563M0,
3620,WK814T6,
3621,BV624V0,
3622,DP442O9,
3623,AD840X2,
3624,AM277J9,
3625,IL465F7,
3626,LB496E8,
3627,AE967F4,
3628,OB635W0,
3629,VE776B0,
3630,ZC299X9,
3631,RL207C0,
3632,RZ363I8,
3633,DN888O5,
3634,YD395G2,
3635,XT178L6,
3636,LK928S4,
3637,GE412A6,
3638,FH400N0,
3639,AK295S4,
3640,LH434W8,
3641,VY407Q2,
3642,KE191T0,
3643,KW303Y5,
3644,WC126K9,
3645,FC142E7,
3646,XH450Z4,
3647,ZR694U0,
3648,IV357E7,
3649,GF541T5,
3650,YG812I4,
3651,MC816M3,
3652,VK870A6,
3653,VO374Y4,
3654,WZ130U4,
3655,UA787E3,
3656,LN873Q9,
3657,QX384S4,
3658,ZX340I3,
3659,NY996N4,
3660,FW751Y0,
3661,AL228P9,
3662,LB942K9,
3663,CP316F5,
3664,EN846D8,
3665,NJ305T8,
3666,VQ699P1,
3667,TE100S7,
3668,DF108P0,
3669,ME465N5,
3670,MF423Z9,
3671,DS103M7,
3672,NY724J4,
3673,AY513X2,
3674,NQ327R1,
3675,XB422Q5,
3676,GY710F5,
3677,XN223R5,
3678,NA326M8,
3679,QI478T9,
3680,ZX740F3,
3681,VV510Y6,
3682,BK557R5,
3683,GJ190C9,
3684,FE771T2,
3685,YB904Q9,
3686,UF759W8,
3687,ET622L6,
3688,NR621V8,
3689,XR210E8,
3690,SH369K1,
3691,OA550T8,
3692,EB565X4,
3693,ME130X1,
3694,IJ349H7,
3695,RR947L6,
3696,HZ523Y8,
3697,XQ553A2,
3698,OA909A0,
3699,PC857T4,
3700,KT816X4,
3701,AJ879Y2,
3702,NX997K3,
3703,XM934F7,
3704,XI868J3,
3705,VN753X0,
3706,GI759M6,
3707,HT933Q7,
3708,YL674C7,
3709,DC663Z8,
3710,TA585K7,
3711,IV293T4,
3712,UJ494N1,
3713,ZN730U8,
3714,JO478J5,
3715,TB851B9,
3716,UO762J4,
3717,KL197W7,
3718,UT681E7,
3719,IN779U8,
3720,VT443L0,
3721,KN389P9,
3722,UH781S5,
3723,OX731M1,
3724,VU800L7,
3725,KM321Y7,
3726,JO203L7,
3727,FZ583B0,
3728,KR259T0,
3729,FU468V8,
3730,NW299G7,
3731,CT695R3,
3732,NL411F0,
3733,OV635V7,
3734,PD143W0,
3735,OZ903B3,
3736,AE812W3,
3737,UD421L4,
3738,ST739I0,
3739,HG332H8,
3740,JS871T1,
3741,ES870J6,
3742,PZ429Z9,
3743,BI143B0,
3744,PO594H8,
3745,PO532A1,
3746,DJ877D4,
3747,VE797L0,
3748,YQ356S0,
3749,CZ223M8,
3750,BZ735Y2,
3751,WN908B9,
3752,DR637S3,
3753,WD184A3,
3754,DQ259M9,
3755,ZQ466F1,
3756,GD982K1,
3757,MJ905D0,
3758,ZQ305O2,
3759,HQ657C2,
3760,GA951S5,
3761,SM427K4,
3762,EY531L8,
3763,MZ920R5,
3764,TF676L0,
3765,RS946G9,
3766,OF378U4,
3767,NB236Q0,
3768,GR437B3,
3769,PT713W4,
3770,GK878T9,
3771,GJ542S9,
3772,KL510X9,
3773,RO532M7,
3774,QW243M1,
3775,AN478U1,
3776,LR375Z3,
3777,BY557S6,
3778,CG351A3,
3779,ZM864E6,
3780,OD800T2,
3781,OK599N2,
3782,VY609R0,
3783,DP221Q4,
3784,HI518X5,
3785,BZ428X2,
3786,TP570P3,
3787,SR974J1,
3788,XT497T3,
3789,LX145A2,
3790,ZK734P2,
3791,KU290J7,
3792,IO565L2,
3793,MO811X6,
3794,WE469X3,
3795,UT228I3,
3796,ZV560J3,
3797,XR860N1,
3798,TA338P0,
3799,VZ158F0,
3800,GU130R8,
3801,HX506K1,
3802,MG946W4,
3803,PZ519N9,
3804,UA212M4,
3805,QT988P1,
3806,OX736V8,
3807,HG280L2,
3808,EU248Q6,
3809,WU228B9,
3810,JZ442C9,
3811,EV870Z5,
3812,AN374C0,
3813,GN322S8,
3814,EX856G6,
3815,TK261P3,
3816,VO786H7,
3817,YZ639Y2,
3818,UT559H9,
3819,BU855A4,
3820,ND166T4,
3821,UV169U4,
3822,FH239W4,
3823,IN303I3,
3824,OE145B8,
3825,GT829Y3,
3826,FA984R6,
3827,OF810A0,
3828,MP700D5,
3829,TD487I8,
3830,NL897G6,
3831,BO878F0,
3832,LY805S9,
3833,JP644Q3,
3834,SP217L9,
3835,BK793F3,
3836,AR734H4,
3837,YO850D1,
3838,SZ290K3,
3839,RW765I3,
3840,PI739H7,
3841,WE929E2,
3842,NW669U9,
3843,BY209G6,
3844,EN805L4,
3845,NI557P2,
3846,NW584E7,
3847,CK463Y4,
3848,BJ452K1,
3849,WX475O6,
3850,EE659X7,
3851,JA323K5,
3852,TT693M0,
3853,GV514K3,
3854,AD490L1,
3855,EY318N8,
3856,SJ326S6,
3857,WF271D1,
3858,HD165N0,
3859,UC627X1,
3860,SU986B7,
3861,ZD679E4,
3862,TH290P7,
3863,RM775S5,
3864,OT202X2,
3865,VG558I1,
3866,UE361E7,
3867,VU927C8,
3868,BF930F6,
3869,BZ611O9,
3870,UY583S8,
3871,TQ703Y5,
3872,JP662F6,
3873,XN244Y7,
3874,VZ932A1,
3875,EL716L9,
3876,QO627I3,
3877,SU776A2,
3878,YE809L2,
3879,NS124U3,
3880,BL708Z3,
3881,KC835N2,
3882,NU159F5,
3883,NB123X1,
3884,GB260O8,
3885,PX988U5,
3886,NH739D1,
3887,IK166C8,
3888,YU320E8,
3889,PD628H2,
3890,JZ323H9,
3891,RV724J5,
3892,RZ591S9,
3893,XC555A7,
3894,YY685S1,
3895,OX986F0,
3896,IQ248C2,
3897,LO119J8,
3898,YP460X6,
3899,MY697Q6,
3900,QI881N6,
3901,GS163W3,
3902,EN495X2,
3903,BL407Y1,
3904,MD578V6,
3905,ZJ836O5,
3906,JY814N0,
3907,LW781M3,
3908,HR848B1,
3909,WE974K2,
3910,VR463Z0,
3911,IA517S1,
3912,ET342E9,
3913,MW820G9,
3914,UD664J6,
3915,MU831X2,
3916,CL364L6,
3917,HX418J4,
3918,BO471E0,
3919,AQ604K5,
3920,EN845Z7,
3921,DO862E9,
3922,CT263G2,
3923,OT869V9,
3924,FC421G5,
3925,IL635O4,
3926,JI683G7,
3927,RO565T7,
3928,KF306D6,
3929,WD282E7,
3930,MI611R1,
3931,XQ194D9,
3932,TE956Y2,
3933,FJ353G2,
3934,NE117L8,
3935,OO664X3,
3936,OQ586M5,
3937,ZG714V5,
3938,HA500B9,
3939,UT681J4,
3940,ME132R7,
3941,IG835Q5,
3942,KW377O9,
3943,WQ350G6,
3944,CG668D3,
3945,NM875T1,
3946,UT796S8,
3947,KC405H5,
3948,BI536Z0,
3949,CX252R3,
3950,EF846G8,
3951,UZ807V0,
3952,CT250F6,
3953,VQ529J1,
3954,LD213P0,
3955,QN320F9,
3956,MV385J0,
3957,PB152K3,
3958,WX579T0,
3959,MY136R0,
3960,QD159O8,
3961,EZ607M8,
3962,NW459W3,
3963,EX324Z5,
3964,VN129J2,
3965,NK504M2,
3966,LG473U2,
3967,PY800B5,
3968,HD537B8,
3969,XA976C9,
3970,JH970I3,
3971,MS557P0,
3972,TF147J6,
3973,MG734Z0,
3974,CY133X0,
3975,MJ998A9,
3976,IM971X2,
3977,JC664X2,
3978,VJ403J5,
3979,EV816V5,
3980,YM583E3,
3981,FK878V2,
3982,XX808Q4,
3983,JD310W6,
3984,FP666Z6,
3985,EP408P1,
3986,JN937I4,
3987,PD256H4,
3988,FF799L2,
3989,PF587V2,
3990,OW479T6,
3991,ZA157Q3,
3992,AQ574N4,
3993,WF376P2,
3994,PL817S0,
3995,HY243W1,
3996,NC465Z4,
3997,WJ709H2,
3998,ZW771M7,
3999,AP321J3,
4000,AH980U9,
4001,DS574E2,
4002,KU981P1,
4003,BV885X0,
4004,AS262V1,
4005,IJ388U8,
4006,GP267U6,
4007,XU426B5,
4008,DE330V7,
4009,CU543C4,
4010,YP382U7,
4011,RK963Y6,
4012,RB439H3,
4013,VG918N8,
4014,ED114E3,
4015,YF756W6,
4016,DR537X8,
4017,YR793L4,
4018,JB718E4,
4019,FB332G5,
4020,LT766D1,
4021,AR765C1,
4022,PB276Z5,
4023,JV996E7,
4024,YV522G7,
4025,DH146S1,
4026,EB231Z6,
4027,TQ216R7,
4028,UD346N6,
4029,NL990X4,
4030,ZQ976H0,
4031,WV944Y5,
4032,KT408K6,
4033,WE743P3,
4034,NX941Q1,
4035,XK814X9,
4036,GI204D0,
4037,AQ540J1,
4038,CU527O3,
4039,QD454G2,
4040,ZR374X0,
4041,MK927A9,
4042,FH716T7,
4043,RG945F3,
4044,GD216P6,
4045,NY105F5,
4046,NU481D6,
4047,FO396W3,
4048,RH424I5,
4049,VB218I5,
4050,UC953L8,
4051,QH587C3,
4052,KC102I8,
4053,HB801Z7,
4054,PZ233V3,
4055,IP447N2,
4056,MO590R8,
4057,GA997L1,
4058,TJ743S4,
4059,VL782O3,
4060,YJ746T4,
4061,LA350C2,
4062,DR832Y8,
4063,AR968I1,
4064,KL913F2,
4065,FZ830O9,
4066,XL369F2,
4067,RB142R4,
4068,DR757B3,
4069,ZI371L1,
4070,NO833A8,
4071,AI862Q0,
4072,PD632K4,
4073,OM924B2,
4074,EO984J5,
4075,IZ733F8,
4076,ZX236T9,
4077,HQ180M5,
4078,RG793A3,
4079,HR789R1,
4080,FS652I9,
4081,PQ290O4,
4082,KJ454G9,
4083,CT382D6,
4084,AT342U9,
4085,RW842G8,
4086,KJ809W5,
4087,VX685B1,
4088,RS815C9,
4089,WX477Z4,
4090,AK796P1,
4091,WB351S8,
4092,CW698O2,
4093,PM869B9,
4094,HP847T5,
4095,SG396S8,
4096,RP883I3,
4097,KL599G0,
4098,NX623L4,
4099,JH915E7,
4100,GF454Y5,
4101,MV998Y1,
4102,NU836O7,
4103,LT828T6,
4104,YP380W9,
4105,IT979X8,
4106,MC144K2,
4107,UN959C2,
4108,EB321X3,
4109,GF737I9,
4110,TH673L4,
4111,KS413N1,
4112,IV253K9,
4113,TP143R6,
4114,XR597O6,
4115,VZ697H8,
4116,ZJ183T0,
4117,NB790K8,
4118,AX196M7,
4119,HF410W5,
4120,IA501M0,
4121,IO997A5,
4122,JW743O6,
4123,ED323N2,
4124,XW707H3,
4125,FM991N0,
4126,KJ914R7,
4127,RX778A9,
4128,XQ656Y8,
4129,AD108G3,
4130,SV134C5,
4131,IH538N1,
4132,XJ294Z3,
4133,LJ548Y4,
4134,VK340Y0,
4135,HT568G5,
4136,FM225B5,
4137,PR999C9,
4138,MI578D6,
4139,DD702L0,
4140,PD104V6,
4141,KM543G0,
4142,SR411W3,
4143,RL305N9,
4144,RV362U7,
4145,AZ807N8,
4146,DR756X5,
4147,UN967X0,
4148,EM446I3,
4149,TQ731Q7,
4150,GI180Z2,
4151,ZT575Q4,
4152,NK302A6,
4153,CZ422W3,
4154,VQ264A4,
4155,HC789V1,
4156,IG395V7,
4157,VL100B8,
4158,YW933R9,
4159,BG741V7,
4160,HY239R4,
4161,OP766V1,
4162,GT311T8,
4163,GU718Q7,
4164,ZT163Y9,
4165,DB141I5,
4166,VO156H0,
4167,LU796R9,
4168,JL390O6,
4169,GZ283M7,
4170,FE920S2,
4171,YD132A6,
4172,WD571R7,
4173,PF791D0,
4174,KG698J7,
4175,RB361S5,
4176,PZ660C4,
4177,YA106G6,
4178,NC789I1,
4179,RW134T5,
4180,BX770Q9,
4181,HU984T3,
4182,MI381O4,
4183,WL767N2,
4184,EV369U5,
4185,AQ569I0,
4186,RW418P8,
4187,QZ566N4,
4188,MU976X7,
4189,DT498J8,
4190,SO910T2,
4191,YI580I9,
4192,NW865Z4,
4193,YW435P2,
4194,BT484Q2,
4195,XY729R2,
4196,PY763I2,
4197,II935N2,
4198,LA737T5,
4199,LI603I7,
4200,ZC471Q1,
4201,GR685Z2,
4202,GL482T6,
4203,MN349P6,
4204,AN854P0,
4205,FE540O1,
4206,IB950N5,
4207,WL741R7,
4208,KI164A2,
4209,UE412Z5,
4210,LF472E5,
4211,SR434Y5,
4212,JT905V3,
4213,LC736O0,
4214,QJ669D3,
4215,VM504B1,
4216,JU355S3,
4217,UX507O0,
4218,AH724N1,
4219,ZD435Z2,
4220,ON975G4,
4221,JD148A9,
4222,EV936N0,
4223,IC183X5,
4224,HS279R7,
4225,CE389X1,
4226,TQ853I9,
4227,TC490H5,
4228,YJ563M3,
4229,LW604U0,
4230,MJ820Y1,
4231,QB209S5,
4232,EY752T6,
4233,YZ538S7,
4234,DH579W7,
4235,FQ967N4,
4236,TD222Q2,
4237,OR614L8,
4238,QO716J8,
4239,KJ368O8,
4240,HW914K8,
4241,BL252Z9,
4242,PI388R7,
4243,XW636Y6,
4244,EL190B5,
4245,OA134P2,
4246,MT151H0,
4247,WD419E0,
4248,ME828I1,
4249,EA357H0,
4250,NH515L3,
4251,OL108S3,
4252,TC563Y3,
4253,NV631U9,
4254,VY423I1,
4255,NS842K1,
4256,LU319J5,
4257,LD433H5,
4258,YP842V7,
4259,AN465I4,
4260,RG523W3,
4261,KP827M6,
4262,YV712M2,
4263,LC792G2,
4264,WA672G4,
4265,CX490P1,
4266,PG369W9,
4267,SY306N9,
4268,ZT151T3,
4269,XQ323I2,
4270,BK838S9,
4271,OU938D7,
4272,VW991B0,
4273,LK674U5,
4274,VA834H1,
4275,PK659L0,
4276,EQ390Z1,
4277,NP109T8,
4278,IV448N8,
4279,JY748F6,
4280,GC776K0,
4281,OS542N5,
4282,ES148I2,
4283,FQ505P3,
4284,XK815L2,
4285,LB829H9,
4286,WN296G4,
4287,ZX684H9,
4288,ZE839O3,
4289,FD480L1,
4290,SH912H1,
4291,FJ774A1,
4292,LN260T7,
4293,QE704E0,
4294,NY842H5,
4295,IS644Q7,
4296,JP399B8,
4297,SR581U5,
4298,RQ222D2,
4299,LM153K8,
4300,DA107U0,
4301,HJ915Y3,
4302,YZ347I7,
4303,VW906V4,
4304,BK711Q8,
4305,CU197V8,
4306,FB437H8,
4307,KI407W0,
4308,MS288R9,
4309,JI852N9,
4310,DI601U3,
4311,SA352B1,
4312,UU829U3,
4313,RB310C5,
4314,DH261W0,
4315,DZ351R9,
4316,GL871V0,
4317,PP588U5,
4318,ZN994B2,
4319,ZI143W3,
4320,UR892X4,
4321,OW421V5,
4322,SD329L0,
4323,VI387C4,
4324,AD556E1,
4325,IQ285F1,
4326,IU227L5,
4327,NT803A3,
4328,RV631Z6,
4329,ZD384I0,
4330,NZ697A9,
4331,FM763L1,
4332,PK994H2,
4333,EN717U4,
4334,UU464J6,
4335,NH506G5,
4336,SN837J3,
4337,VT903A1,
4338,FQ983F1,
4339,ZP250C1,
4340,UL557A5,
4341,KZ739Z4,
4342,UM958J1,
4343,BO386T9,
4344,LJ555Y2,
4345,ZQ341G2,
4346,NM578I4,
4347,AX707M0,
4348,IS177A3,
4349,UG476W0,
4350,MY698O7,
4351,YI314Z1,
4352,LJ709T6,
4353,BH250H1,
4354,MK978E3,
4355,FF527I7,
4356,CB737O1,
4357,BG266N7,
4358,HV915A7,
4359,UX404A0,
4360,PN625M8,
4361,AL905J5,
4362,TZ199S0,
4363,BQ436K8,
4364,RY559L4,
4365,ED147B4,
4366,DR306G5,
4367,RI786Z1,
4368,YI592B1,
4369,UD747V4,
4370,FJ892G6,
4371,QE422Q9,
4372,RB723X4,
4373,DC212E9,
4374,DR310P7,
4375,YL321F1,
4376,MQ995V5,
4377,EF672F3,
4378,BJ594D4,
4379,SL425V1,
4380,DE562F0,
4381,VF183U9,
4382,UD369Y0,
4383,HL920Q5,
4384,NI542W4,
4385,KI474U9,
4386,NH297W8,
4387,LS411T9,
4388,XU417P1,
4389,JK959U7,
4390,KS986M8,
4391,DU917E6,
4392,SB948I3,
4393,BB906D7,
4394,ZA377S9,
4395,EA346V1,
4396,WF390U4,
4397,UF348K1,
4398,IM837Q7,
4399,YM188A4,
4400,SH919W8,
4401,ID272U3,
4402,XQ444H4,
4403,DD902M5,
4404,TL274R0,
4405,XQ970P0,
4406,PI332O3,
4407,XZ563M6,
4408,XY967O3,
4409,FR380M0,
4410,JY889D3,
4411,YJ724U7,
4412,SE670F8,
4413,QY454Z9,
4414,EF887V2,
4415,HM679P4,
4416,HU290R0,
4417,CM552F3,
4418,RO932T1,
4419,UX450N4,
4420,TL985C0,
4421,WS129C7,
4422,JC249P4,
4423,VI211G1,
4424,RN389M9,
4425,BA823C1,
4426,XW174S2,
4427,NM858T1,
4428,OB613C6,
4429,NE617T1,
4430,BU196Q3,
4431,ZW877E1,
4432,CV570B6,
4433,HO816C4,
4434,BV468L4,
4435,XK695A5,
4436,SL386G2,
4437,KZ287P0,
4438,UU249W2,
4439,ZJ998R6,
4440,MI115P3,
4441,AM107W6,
4442,QV163R9,
4443,AB159S3,
4444,NJ257K6,
4445,EO489H3,
4446,DM749M3,
4447,DB223R8,
4448,KY347T2,
4449,IZ842V8,
4450,WG489U8,
4451,WE867G3,
4452,GS287I5,
4453,HV173P8,
4454,OI149C7,
4455,IV828P7,
4456,LR814P1,
4457,QS479E3,
4458,IE283X2,
4459,NW205R1,
4460,HB658X0,
4461,FC815R5,
4462,LN165P6,
4463,LJ359S7,
4464,SN593W2,
4465,CH743N9,
4466,RY252T8,
4467,ET667Y4,
4468,SO154O4,
4469,AM757X1,
4470,AF268T3,
4471,MX828R6,
4472,HO381B7,
4473,AM879H9,
4474,XB337T6,
4475,FK154D8,
4476,KC473T9,
4477,YZ877P4,
4478,NS965L8,
4479,BE317H7,
4480,OT490R3,
4481,GO147C7,
4482,BX761D0,
4483,XH372D0,
4484,BJ485P6,
4485,WU184F2,
4486,DG177J2,
4487,EL725G5,
4488,NH920T8,
4489,IZ410U3,
4490,KT157F2,
4491,IX298R0,
4492,WQ124T6,
4493,UG620V3,
4494,RO543T3,
4495,QC535U9,
4496,DY785U9,
4497,HV193H5,
4498,EU949S3,
4499,XA403S9,
4500,VW479R9,
4501,HF419K2,
4502,HR708V4,
4503,EZ740G8,
4504,XE474T1,
4505,SA401O5,
4506,XG934Q4,
4507,YA996O1,
4508,RH409O1,
4509,ZS516N1,
4510,VU259G1,
4511,GL121T9,
4512,JQ961E6,
4513,WS489W1,
4514,HL909H0,
4515,RE371Z8,
4516,EL525Q7,
4517,JN474H7,
4518,ND902S4,
4519,SA685Z4,
4520,ID612R6,
4521,JV608Z6,
4522,FJ893X3,
4523,HO322L0,
4524,EX367T9,
4525,EH620C5,
4526,YZ122G0,
4527,HT380X9,
4528,WR852B2,
4529,TX972K0,
4530,NE805X2,
4531,YK831Y1,
4532,AG121N8,
4533,ZX142C7,
4534,SV802Z3,
4535,TD810U0,
4536,SF178D5,
4537,YO904M5,
4538,UL971S6,
4539,XO296S2,
4540,ID495I1,
4541,SG433W0,
4542,TN674E9,
4543,HY263A8,
4544,AJ672S6,
4545,MP323G5,
4546,AZ733P4,
4547,YQ289A6,
4548,IY229Z0,
4549,IB776H2,
4550,RW867W2,
4551,EB906W1,
4552,OI567D5,
4553,GP246D6,
4554,GA903C1,
4555,GR960Q6,
4556,EX641O4,
4557,YH615R2,
4558,WD877N7,
4559,WH375E9,
4560,PK380V4,
4561,TT355N8,
4562,SJ593M3,
4563,FY943C8,
4564,SC528S6,
4565,OO435R9,
4566,WN228Y6,
4567,CG328Z8,
4568,DO314Q0,
4569,BX861F5,
4570,CU505Z9,
4571,HF873C1,
4572,YG187B5,
4573,PG921S2,
4574,KD903S3,
4575,CY718L6,
4576,JB407J0,
4577,QG192C6,
4578,PZ547G9,
4579,EB302Q0,
4580,EY751Y1,
4581,VA575K9,
4582,SK290J3,
4583,AE691F9,
4584,NH637Y3,
4585,DJ674K3,
4586,TR123I7,
4587,EH108X5,
4588,AB108D0,
4589,CC458W2,
4590,CB737D5,
4591,ZG988Z3,
4592,MV753G3,
4593,YK509T7,
4594,LY465U0,
4595,EM344W7,
4596,GD569J3,
4597,DO975O4,
4598,QY942U5,
4599,FD694P7,
4600,RD868E3,
4601,SE117N2,
4602,XA579H0,
4603,TI303O3,
4604,MH520Q1,
4605,DC896U6,
4606,ST672L4,
4607,LU498I8,
4608,OP376L7,
4609,OS312E5,
4610,WS435I9,
4611,TZ945I7,
4612,GG371G8,
4613,IV249Q1,
4614,ST420C7,
4615,NA126H4,
4616,VY851U3,
4617,CG320O8,
4618,NT820P3,
4619,BI175D3,
4620,MU552Q3,
4621,XG336K2,
4622,QP346F3,
4623,BP592J1,
4624,WT499T0,
4625,BH115H6,
4626,RB998T5,
4627,WT394N1,
4628,XV409C8,
4629,AV767L6,
4630,YF330L9,
4631,LS950F6,
4632,OK625I2,
4633,BF179N9,
4634,IK811G6,
4635,DD543I2,
4636,UN846U5,
4637,VY432X0,
4638,ON681W9,
4639,YO304J9,
4640,IR850C5,
4641,KQ984S3,
4642,YT459G4,
4643,BG241H5,
4644,AR303F3,
4645,LX157R2,
4646,RN610I0,
4647,ND420U7,
4648,VU153D2,
4649,SZ398F7,
4650,XC111O6,
4651,TO363Y8,
4652,HT470H9,
4653,FW354S8,
4654,PD773H9,
4655,PC426N5,
4656,HT741J1,
4657,QS860W9,
4658,HZ242Y3,
4659,ID661O8,
4660,NK147F4,
4661,YM128R5,
4662,KB375B3,
4663,DQ933D6,
4664,TW184F2,
4665,MN134P4,
4666,YY743F0,
4667,QU540G6,
4668,FB293T7,
4669,NX564S1,
4670,WA516U0,
4671,AG681P0,
4672,DA744K6,
4673,CE726I7,
4674,IO315E8,
4675,NW745M5,
4676,CA189G8,
4677,IW834N4,
4678,TD748K0,
4679,MU276K6,
4680,IQ551P2,
4681,ZD661X9,
4682,HG765X1,
4683,HM462P4,
4684,GV963G9,
4685,GK451V1,
4686,UN868V0,
4687,BU906J4,
4688,OV613F6,
4689,JT579T6,
4690,ZV463N0,
4691,NU591A4,
4692,LY519P1,
4693,KW543C7,
4694,RF518D3,
4695,IE617C3,
4696,EA500K3,
4697,QZ905X5,
4698,VM937U8,
4699,ZE141Z0,
4700,RR930K7,
4701,RZ362H1,
4702,SK752M5,
4703,FP290K6,
4704,HK662E5,
4705,FQ143E3,
4706,BT822L3,
4707,XR511H0,
4708,FA876O5,
4709,SM863L8,
4710,JY123R2,
4711,KA621X4,
4712,QT727D6,
4713,NK940P0,
4714,JK133H7,
4715,AS793F1,
4716,XX481T3,
4717,PO149T6,
4718,IT255L3,
4719,KW797E4,
4720,ZT798I3,
4721,KZ287N2,
4722,TZ290W1,
4723,FW257D2,
4724,DM569O1,
4725,OI354E4,
4726,HE221H8,
4727,XQ767H9,
4728,CK174F0,
4729,TZ846B7,
4730,YQ601V8,
4731,VQ573F9,
4732,RY894V4,
4733,EP439E9,
4734,UG581A3,
4735,TS896S6,
4736,HS169W2,
4737,EZ149G0,
4738,TF148G6,
4739,PM604Z6,
4740,ZF201G5,
4741,DV313J6,
4742,VY121Y5,
4743,UX653B4,
4744,NG834H9,
4745,OS619L1,
4746,ZN849X3,
4747,PM146N5,
4748,XI117M9,
4749,EQ449F9,
4750,FY696D9,
4751,GN940F0,
4752,EH976O3,
4753,YW901V6,
4754,WE613G0,
4755,VF181B8,
4756,UH177W4,
4757,EV150T4,
4758,VC864M0,
4759,NI957N0,
4760,XY640X6,
4761,NS991Y1,
4762,VO708Z1,
4763,DM774M5,
4764,VE208P2,
4765,GF989V2,
4766,TQ956W9,
4767,MV252L0,
4768,RW467R9,
4769,ZU226Q9,
4770,PT525B2,
4771,HN406M3,
4772,XE877K9,
4773,GD471J5,
4774,EL905L7,
4775,YM784G5,
4776,TU404F5,
4777,WS503V1,
4778,GQ606N8,
4779,EM521T7,
4780,DN692N3,
4781,AW756L6,
4782,GJ544H2,
4783,UT273Y5,
4784,HN570D5,
4785,CL387L8,
4786,WQ625L4,
4787,VO965R0,
4788,HC339I4,
4789,YX269T3,
4790,CS487W3,
4791,ND431O0,
4792,HF824P9,
4793,PY203M5,
4794,AR714Q6,
4795,TB554X1,
4796,WT263B0,
4797,QO329E2,
4798,GX195K0,
4799,OG294H7,
4800,KL784H0,
4801,EK901B8,
4802,TN201V3,
4803,KY301D3,
4804,SB165F9,
4805,PW580U5,
4806,DW547C0,
4807,BL308T9,
4808,YZ565I1,
4809,RD376R2,
4810,SB488N7,
4811,AR196T4,
4812,GO583Q6,
4813,IC175N9,
4814,TE667N1,
4815,BL926M8,
4816,BX361T7,
4817,CJ241Y1,
4818,YP652Y5,
4819,NA390D1,
4820,ZD818F6,
4821,PA531W6,
4822,BV759Z4,
4823,IC278K0,
4824,TK257W5,
4825,HF615F3,
4826,JB242A3,
4827,WB519H8,
4828,OI860E7,
4829,YJ269U9,
4830,LB791E2,
4831,EM641U0,
4832,JI978D0,
4833,GJ993G5,
4834,WV130O4,
4835,GK690Z9,
4836,TO287H4,
4837,EW756A0,
4838,AM515C7,
4839,QT122N6,
4840,HD586V0,
4841,GH709T9,
4842,AR181S3,
4843,VC942I7,
4844,DZ906E5,
4845,GM866V1,
4846,YX366Q1,
4847,EA386D4,
4848,YH145Y7,
4849,IO668R8,
4850,PI880H4,
4851,ZO280K7,
4852,RB383T1,
4853,EC256L1,
4854,WY199F0,
4855,KS365A6,
4856,JQ186Q9,
4857,UJ702I3,
4858,BZ489E2,
4859,EG421Z0,
4860,KT853J4,
4861,FU253C4,
4862,YR905X7,
4863,VO135N4,
4864,BH317J9,
4865,XD112J0,
4866,BA907X0,
4867,MV842S3,
4868,HP388M0,
4869,WU809I5,
4870,BC100G0,
4871,XU724E9,
4872,EQ410G3,
4873,PA446C0,
4874,NC289G0,
4875,CV485Q3,
4876,FG438Y6,
4877,YF836M0,
4878,XJ349B0,
4879,SR636B3,
4880,MX127B5,
4881,OH112L4,
4882,AX187Z8,
4883,YY823K6,
4884,BS671G7,
4885,PE661J4,
4886,BC707N3,
4887,GM242G8,
4888,AY167A4,
4889,PS206U0,
4890,IR282Y6,
4891,JQ283F2,
4892,WK352S7,
4893,YC870A8,
4894,ZN750X9,
4895,TC903V1,
4896,TE512Y0,
4897,KM607K2,
4898,KO159T6,
4899,VJ834H5,
4900,YR683M6,
4901,PX444W9,
4902,BP160Z5,
4903,TA857H0,
4904,VK350F8,
4905,QQ887G5,
4906,QT346E9,
4907,PX805D6,
4908,NB248B3,
4909,ZE965H9,
4910,SH169P1,
4911,JL970Y6,
4912,QJ989I9,
4913,TU554Y8,
4914,RD375C3,
4915,AG266N4,
4916,NI988H3,
4917,OI340O3,
4918,NQ258M4,
4919,BN928N6,
4920,BY565F3,
4921,NT816S7,
4922,NF830S4,
4923,IS402F1,
4924,SP576C5,
4925,KU906T3,
4926,EK269M2,
4927,PQ430Z4,
4928,DM752H3,
4929,SU611A6,
4930,GM874R1,
4931,ZR797C8,
4932,BD297W5,
4933,TH297I1,
4934,OF626G3,
4935,VZ457U6,
4936,QS996M4,
4937,XU626J1,
4938,HO589L0,
4939,VX989C1,
4940,FE284M0,
4941,VU587F1,
4942,AX967N0,
4943,TB269U7,
4944,CG963W1,
4945,XG762U3,
4946,QR377T6,
4947,SV709F2,
4948,UV132T3,
4949,DB492X3,
4950,FL695R4,
4951,DV460Z6,
4952,BC544W3,
4953,KE388D1,
4954,LQ748F2,
4955,UZ257D5,
4956,JC545A9,
4957,XJ683H5,
4958,BM102F5,
4959,WH628V9,
4960,XV572H9,
4961,JL215W4,
4962,QS162D9,
4963,GS718F0,
4964,OD306V9,
4965,UZ633F7,
4966,LQ575L9,
4967,ZX880G8,
4968,KO668A5,
4969,YK827O9,
4970,MO430K9,
4971,TN654E8,
4972,NR444I0,
4973,FI223M9,
4974,KO670K8,
4975,JZ109L7,
4976,NN766T9,
4977,FB222H4,
4978,KI888C2,
4979,VA457T5,
4980,AC484Q4,
4981,XT247A7,
4982,NK519A9,
4983,LC522K9,
4984,VW773I7,
4985,CP418P3,
4986,GY639H1,
4987,OG103T6,
4988,MP930Z7,
4989,SN166J9,
4990,BM586K8,
4991,XQ381S1,
4992,JF347X2,
4993,HL779I8,
4994,RI593Q4,
4995,JR146L0,
4996,CK134J7,
4997,QI102O1,
4998,DU998I9,
4999,BO294Y3,
5000,WC649I8,
5001,HH549C5,
5002,NB478V2,
5003,PO480I0,
5004,YQ775D3,
5005,ZE230C0,
5006,OI517U4,
5007,II903E2,
5008,UC354K2,
5009,GR377Q5,
5010,ZA411R8,
5011,NL746J4,
5012,DL987Y3,
5013,KQ165D9,
5014,ZW437K8,
5015,OG405E4,
5016,AG706L5,
5017,ED555V1,
5018,SC348O2,
5019,KD125R3,
5020,CL923P8,
5021,HB203M1,
5022,NP986K7,
5023,VU872W8,
5024,TQ260A4,
5025,BY425A5,
5026,NL891L8,
5027,JR840E7,
5028,SW946L1,
5029,ZO499T0,
5030,XK754C2,
5031,VP898F2,
5032,YW625J0,
5033,ID595Y8,
5034,IV365H7,
5035,FY514K1,
5036,SW728V0,
5037,RI791Z8,
5038,LT832X6,
5039,SF830W7,
5040,YN747I9,
5041,CB716A7,
5042,TM880R1,
5043,EY321J2,
5044,EP871W6,
5045,WL236W6,
5046,XG399A8,
5047,WI259L5,
5048,VA149N1,
5049,DG349Z6,
5050,JA959J7,
5051,TK484N6,
5052,XD231P2,
5053,RO752W1,
5054,RZ215V8,
5055,JG748K3,
5056,FR422X0,
5057,LX490L8,
5058,NM540O1,
5059,IT477S9,
5060,JC536J2,
5061,PF803N2,
5062,VW567X0,
5063,AA739S6,
5064,XU596X2,
5065,UI646A9,
5066,BL745V3,
5067,MN497Y2,
5068,BZ914M6,
5069,FZ807F1,
5070,AE248Q3,
5071,DJ752H0,
5072,GB293T1,
5073,AK936Z5,
5074,IQ757U1,
5075,LU754T7,
5076,NF237G6,
5077,KA555N4,
5078,CU339I1,
5079,MC773R0,
5080,HP574C7,
5081,PR465X5,
5082,DW917C5,
5083,TK879R5,
5084,LB371Z4,
5085,TI276I4,
5086,FW112C6,
5087,OY398L0,
5088,EX920I5,
5089,KU189T9,
5090,KH755Q1,
5091,ZC227F1,
5092,FN680H8,
5093,EV553U9,
5094,JT339H3,
5095,BF140G8,
5096,NX853H3,
5097,ZE756U8,
5098,FM296V4,
5099,CQ198T8,
5100,NO282H5,
5101,UP110Q4,
5102,TP443J9,
5103,YE674E2,
5104,ZO947V6,
5105,US238C6,
5106,CD748G0,
5107,UT717B9,
5108,LY210V8,
5109,EV375W9,
5110,FP571M4,
5111,GE770N2,
5112,FE567B2,
5113,NJ135C5,
5114,RB723Z8,
5115,JS467L0,
5116,PW626J7,
5117,YV348F2,
5118,DC618H8,
5119,SB918S8,
5120,RZ781R8,
5121,ON824X6,
5122,BQ791Y1,
5123,DM614N5,
5124,GZ436P3,
5125,NZ973U6,
5126,JG783D4,
5127,FG311Y6,
5128,JO622G7,
5129,XZ229H7,
5130,KQ126Z5,
5131,MI118F2,
5132,IN633O8,
5133,AE474V3,
5134,KU626P4,
5135,CF957I2,
5136,XA107F8,
5137,IR272R3,
5138,KH553C1,
5139,CX115O7,
5140,TU117L5,
5141,ZJ668X9,
5142,TY462L5,
5143,FG995G2,
5144,AZ835V7,
5145,YB390G0,
5146,JH668L9,
5147,RO285H8,
5148,JN328Y4,
5149,CA338Z5,
5150,MM456U2,
5151,MM448E9,
5152,WV355B8,
5153,PI912F7,
5154,NU153Y4,
5155,GY721P0,
5156,IH547C9,
5157,WJ476T5,
5158,TH498T6,
5159,HW852S8,
5160,OE177T5,
5161,IU891K9,
5162,HG281P4,
5163,VE710P7,
5164,UK148Z7,
5165,NN723N5,
5166,NB426Z5,
5167,AG109H0,
5168,BM851O6,
5169,KV656F7,
5170,ZK804S6,
5171,TB637K7,
5172,BH877B2,
5173,QM983I7,
5174,OJ622Q2,
5175,KC757U8,
5176,BA447W8,
5177,TQ994Y0,
5178,WB804B3,
5179,MP798L9,
5180,XI966I3,
5181,SZ790N1,
5182,UE816Y5,
5183,TE210F7,
5184,WT303I5,
5185,XP607Z9,
5186,KN678F1,
5187,MM462L6,
5188,NQ768D1,
5189,TY703U2,
5190,MW784H3,
5191,ZN354H0,
5192,SJ864H6,
5193,IU409L1,
5194,DS545D0,
5195,XB124L5,
5196,AE155B2,
5197,OE326U9,
5198,EI569K5,
5199,FQ393D4,
5200,WL421U4,
5201,HS958E0,
5202,GI846L3,
5203,DQ358A2,
5204,JD229W6,
5205,ZT511O7,
5206,NA903N7,
5207,XK845B0,
5208,GL972H3,
5209,AL876R4,
5210,JK638I5,
5211,ZG525M1,
5212,MN180T8,
5213,MO741D6,
5214,TF171L4,
5215,DR571U7,
5216,NQ829E5,
5217,WE716R1,
5218,NW427O1,
5219,HW439L4,
5220,RG149H7,
5221,MS597A5,
5222,RG349M9,
5223,UQ337A3,
5224,AH356Z3,
5225,ZK487Q3,
5226,AX448M3,
5227,MT702U1,
5228,RV116X5,
5229,LX824H6,
5230,CV863O5,
5231,XI111K1,
5232,GB862M9,
5233,UR854J3,
5234,NX508S9,
5235,DP605E3,
5236,OP791O5,
5237,HD617F0,
5238,QX490G1,
5239,MK529R7,
5240,AF727L5,
5241,DS699O7,
5242,VG792Y0,
5243,OD181I7,
5244,BG640B9,
5245,JV289O5,
5246,FO551X1,
5247,SI961G7,
5248,GX688I3,
5249,QT356U0,
5250,SK971G4,
5251,TO584S6,
5252,GZ806G7,
5253,FT681M0,
5254,UY872Q7,
5255,NW472V0,
5256,TX365C5,
5257,QX717P2,
5258,QB693X6,
5259,ZK989Z2,
5260,DP248F1,
5261,WE935C3,
5262,OI270T2,
5263,KQ479U2,
5264,MQ409K1,
5265,FF361O7,
5266,LX188L1,
5267,BH107X2,
5268,SX175M4,
5269,RF413A8,
5270,RV252K5,
5271,VU187D6,
5272,ZP716U7,
5273,AX471J4,
5274,NE528I4,
5275,JS538Z1,
5276,WD640S9,
5277,TW879F6,
5278,PU130N2,
5279,ZJ242M9,
5280,MF503D3,
5281,ZS516E5,
5282,NB610Y8,
5283,HH169U3,
5284,QK336V3,
5285,JV324Z9,
5286,KZ588Y4,
5287,MT644X4,
5288,JP815Z9,
5289,UK691U8,
5290,VS842T8,
5291,UZ522M4,
5292,BR920T2,
5293,DZ227H4,
5294,LZ491W6,
5295,XD191W1,
5296,EW843Z7,
5297,ME928L6,
5298,OX598I6,
5299,SO197D3,
5300,LG853B9,
5301,CH532P8,
5302,RO656N7,
5303,TD324W8,
5304,DD894A6,
5305,FH640A3,
5306,DS559Z1,
5307,RN729D4,
5308,RG963Y5,
5309,NJ133A5,
5310,NM260W6,
5311,CC852M3,
5312,JC566Z2,
5313,RT136J5,
5314,BC913B4,
5315,UE589G9,
5316,RH341D6,
5317,EL735S1,
5318,CJ455G7,
5319,AK407C6,
5320,TG965S1,
5321,VL537A0,
5322,EU962A6,
5323,BJ524C4,
5324,JS226R4,
5325,TB703W5,
5326,KB415D3,
5327,RD766N2,
5328,QD841Z3,
5329,IP590H5,
5330,EW687J1,
5331,IU872C1,
5332,AK113J7,
5333,RR439F3,
5334,TY658C0,
5335,GE177E6,
5336,ZY904S9,
5337,SX436F8,
5338,US864E1,
5339,IV328U8,
5340,TS175Q0,
5341,BV260O0,
5342,PQ696Y0,
5343,NA315G7,
5344,GT640N0,
5345,XR563U2,
5346,SJ951R4,
5347,EO985Y0,
5348,VZ616B3,
5349,AG216N0,
5350,JG477L7,
5351,LK868I9,
5352,ED864G9,
5353,LO896A7,
5354,LT155H3,
5355,MU232C7,
5356,DG873T8,
5357,IG635B7,
5358,KW319W5,
5359,WV359O5,
5360,CS512F1,
5361,YY130D0,
5362,MB247U7,
5363,QM632G4,
5364,ZT645F4,
5365,UN774A2,
5366,KH397O8,
5367,TX235I5,
5368,WL133L5,
5369,FA176H1,
5370,QM673W1,
5371,EN477U8,
5372,KB742U0,
5373,IU116Y3,
5374,AQ244Z8,
5375,LL576Z2,
5376,VX114P0,
5377,KQ349I7,
5378,OI352A3,
5379,MD184O7,
5380,KP671K6,
5381,BM995I4,
5382,BV713O5,
5383,BZ216X5,
5384,LU332Q0,
5385,HV366U0,
5386,GX982F1,
5387,GP793Q6,
5388,EN681U7,
5389,KO307V2,
5390,BA416W9,
5391,LB659A2,
5392,GE623G1,
5393,YX936X9,
5394,IW547N4,
5395,CC981O8,
5396,YC111M2,
5397,TH780V1,
5398,LP438B1,
5399,WV245P3,
5400,SW315M0,
5401,OY753R3,
5402,FC429L8,
5403,KP933R1,
5404,WR744I9,
5405,MO995Q6,
5406,MG416J3,
5407,OD904O0,
5408,ZJ603O9,
5409,BY394J8,
5410,YN913Q2,
5411,QP696K3,
5412,DI324P0,
5413,AK313J6,
5414,HA487I6,
5415,GU933F0,
5416,KB107G1,
5417,WX932T6,
5418,VG387A0,
5419,LM575R1,
5420,BR279M2,
5421,NU576O0,
5422,WI230D7,
5423,YN269C3,
5424,DZ988I2,
5425,UH972E9,
5426,WO737S8,
5427,DC638T3,
5428,NH578O0,
5429,VB760O6,
5430,HI422K6,
5431,NK520H9,
5432,CS613N9,
5433,UL930A4,
5434,LV991I4,
5435,BC762Q2,
5436,YJ782Z1,
5437,WP644S0,
5438,IR508S6,
5439,TZ427X0,
5440,IM864P1,
5441,ZE961B8,
5442,NY761V7,
5443,MU725H6,
5444,MG115S8,
5445,WV262F0,
5446,RD997R5,
5447,SA919U6,
5448,XR424M4,
5449,NR963E2,
5450,CG167L5,
5451,OC326I2,
5452,CH340F4,
5453,QV531T7,
5454,AK451R3,
5455,BZ337G2,
5456,MZ987Q9,
5457,HC724G3,
5458,QO219A2,
5459,JA411G0,
5460,NX712L4,
5461,KA794X4,
5462,EL868H1,
5463,WI734L8,
5464,NQ406X2,
5465,RS623S7,
5466,JL147J6,
5467,ZT209Y2,
5468,GL689Q6,
5469,ES693U8,
5470,TF266V3,
5471,GG780O3,
5472,TD820D8,
5473,IV433A1,
5474,LN435A9,
5475,CZ961K3,
5476,WN640S0,
5477,GR109X1,
5478,PH835F8,
5479,WG564K0,
5480,UM476E7,
5481,ZP854U2,
5482,RI195Q6,
5483,FY331D0,
5484,WU611F6,
5485,PF302B1,
5486,FZ752U5,
5487,SY695X6,
5488,XJ503C5,
5489,RX570X6,
5490,HF722Z1,
5491,FA997R0,
5492,GS923Q1,
5493,FG245K9,
5494,LP585S3,
5495,IQ753Y3,
5496,KR931J3,
5497,UF137T9,
5498,TQ934I4,
5499,DN713R2,
5500,RK269X8,
5501,RR928I0,
5502,LL154P7,
5503,CR692X5,
5504,KN735B0,
5505,BF702F9,
5506,CO441G4,
5507,FU534Z1,
5508,QL387E2,
5509,QO502S6,
5510,FG349Q7,
5511,HM302G0,
5512,RU168R4,
5513,LQ426E7,
5514,RN219F5,
5515,HX686M4,
5516,CA851N8,
5517,EW981F7,
5518,PC262X2,
5519,BH636C1,
5520,DT594E3,
5521,VS726M9,
5522,EE136U6,
5523,FC994O4,
5524,WA908O1,
5525,SK135F6,
5526,PS549V3,
5527,LV954S5,
5528,HE851O4,
5529,BR943P7,
5530,IG523N1,
5531,EE616X1,
5532,AW511K2,
5533,AD677E3,
5534,CY604N9,
5535,KW157N7,
5536,SA346M1,
5537,WA116G0,
5538,OY832U0,
5539,VZ997E4,
5540,ZQ173B4,
5541,WH329Q1,
5542,MJ808V6,
5543,MX290U4,
5544,NC753S8,
5545,SN554H2,
5546,OZ206Z9,
5547,BZ425T5,
5548,KP769V9,
5549,PS149N4,
5550,BT626M5,
5551,NI851E1,
5552,AC404I4,
5553,PM185B2,
5554,VL875X8,
5555,AR159Y5,
5556,DN254F3,
5557,EA386B3,
5558,BZ776I4,
5559,VL651I3,
5560,JH770P7,
5561,WB497O7,
5562,CT709N2,
5563,SS713J5,
5564,AH397G2,
5565,AF517A8,
5566,KQ835Q9,
5567,ZK397T3,
5568,AG649U5,
5569,RV930Q6,
5570,OC184V8,
5571,LQ916O2,
5572,SL135D4,
5573,SU395Z5,
5574,TI345X8,
5575,NC548B9,
5576,GA789G8,
5577,NA481W1,
5578,ZF349C4,
5579,HZ981Y3,
5580,XE923S2,
5581,UU724I8,
5582,OS113E3,
5583,BU469L2,
5584,EX391N4,
5585,DP461J7,
5586,MH498R3,
5587,ZW978Y6,
5588,JI387T5,
5589,CE274J4,
5590,LM214T3,
5591,UT836E1,
5592,UF131B1,
5593,AW247D5,
5594,UK263W6,
5595,FR153Z1,
5596,KZ917K7,
5597,DZ541K4,
5598,YW529V1,
5599,EQ689K3,
5600,QI856P2,
5601,MI289L0,
5602,OE352R1,
5603,WG824C8,
5604,DD816T0,
5605,TK948R4,
5606,EP707P4,
5607,SM544U6,
5608,UF588Y0,
5609,WJ745P2,
5610,QE995A8,
5611,LS436B5,
5612,RT464C8,
5613,LM248P0,
5614,MI589Y1,
5615,JW782M6,
5616,QM155K1,
5617,MC914T1,
5618,ZC566I2,
5619,QI612G1,
5620,MR514U9,
5621,VC965W0,
5622,HT290J7,
5623,DO112B6,
5624,YY535Q9,
5625,ED461C8,
5626,RP175B3,
5627,VD749F3,
5628,IY542F9,
5629,JH567E5,
5630,CN155J1,
5631,YP742L8,
5632,XB760P6,
5633,AY735Z7,
5634,HI186R7,
5635,OK868D0,
5636,GS349N0,
5637,YW959Y3,
5638,XX995J5,
5639,YB883H5,
5640,MJ500H9,
5641,TG119U1,
5642,UR138Y0,
5643,PU663A1,
5644,WF441I0,
5645,WI724Z1,
5646,QP864B9,
5647,KI773D4,
5648,ST790D9,
5649,CW389S6,
5650,RI858L7,
5651,IF836A6,
5652,AY104F7,
5653,TJ875L9,
5654,QV438L0,
5655,HZ998J4,
5656,ID847A7,
5657,LX858V0,
5658,KQ509O2,
5659,SF418L0,
5660,ZE480V4,
5661,MU758E0,
5662,WM544F4,
5663,CG153K1,
5664,LY251V8,
5665,DT453E8,
5666,DR819K0,
5667,QF381F1,
5668,HO325C2,
5669,JX549S5,
5670,TP548E7,
5671,IQ424M5,
5672,GV135I4,
5673,LS730K1,
5674,PY702Q0,
5675,SU128P1,
5676,ZQ144F1,
5677,HO905T3,
5678,SQ342E5,
5679,NV632Y7,
5680,UT378G4,
5681,ZK416S7,
5682,OQ125E3,
5683,BK309H7,
5684,SS953Z0,
5685,HL996M8,
5686,DT750B9,
5687,MH981C5,
5688,KO889U2,
5689,DN827L9,
5690,EG518M0,
5691,XJ178C6,
5692,RF285N6,
5693,LM209H5,
5694,RN103G1,
5695,LU252D0,
5696,CM146B9,
5697,TQ838V0,
5698,MA981N7,
5699,GN942E8,
5700,KL428I6,
5701,AI417A3,
5702,BH807E6,
5703,PY790M5,
5704,GX623K9,
5705,KG206T5,
5706,RO492R3,
5707,XK504P7,
5708,AC863V2,
5709,OP599Z0,
5710,IX134O6,
5711,TE210X3,
5712,LV820P0,
5713,KW984D7,
5714,WF924T4,
5715,KZ853P6,
5716,QJ125Q3,
5717,OW665V9,
5718,RX647O7,
5719,BY693Y1,
5720,AS133W0,
5721,KS762U3,
5722,OI910X9,
5723,IR371A7,
5724,DL264H5,
5725,GN986A8,
5726,HW303E8,
5727,EN441B4,
5728,XK225I1,
5729,MX760H1,
5730,II182W1,
5731,EA816V8,
5732,BQ499Q1,
5733,NL774M3,
5734,HS140O3,
5735,MW560N2,
5736,GH632V8,
5737,CR552R0,
5738,XE584Y9,
5739,HK172G4,
5740,RT176W5,
5741,BH598I3,
5742,ZE903D5,
5743,CT909F2,
5744,CG246O1,
5745,ET803X3,
5746,CB407U2,
5747,QS644U9,
5748,GS757U9,
5749,CG849C2,
5750,YS105J0,
5751,KJ188R6,
5752,TL410K7,
5753,KU219F3,
5754,WJ975N1,
5755,EV490F0,
5756,RY576R6,
5757,WP729O9,
5758,QY231Y4,
5759,EA703Y5,
5760,TD147C4,
5761,YH833J3,
5762,HL560C7,
5763,GB198S3,
5764,IV188X9,
5765,TS842W9,
5766,YT724Q5,
5767,TA346Y9,
5768,DV640D9,
5769,DS931C2,
5770,FS666Z0,
5771,CS706V5,
5772,UQ706C6,
5773,WF315L1,
5774,YD591Y2,
5775,AD449I3,
5776,CA693J1,
5777,GM635E7,
5778,LL156X3,
5779,VG204K3,
5780,OL612L5,
5781,JG849E2,
5782,QI906B9,
5783,NO246H8,
5784,SP149K6,
5785,YT635B2,
5786,HI880E6,
5787,AL751Q6,
5788,OD627H3,
5789,QN535X6,
5790,ZC893D7,
5791,BW444D4,
5792,FV829Z8,
5793,RT954Z0,
5794,WN777L1,
5795,LO924S3,
5796,FS565Q4,
5797,UE562J2,
5798,YH709P2,
5799,HS781O6,
5800,KB697W9,
5801,OW734Z6,
5802,KW129L7,
5803,SH363W8,
5804,SY957E4,
5805,SF256C4,
5806,IS707F1,
5807,KW626P8,
5808,RF519A8,
5809,CT311L8,
5810,RW923F7,
5811,PB699X4,
5812,SQ650K5,
5813,SJ379O9,
5814,MN252I7,
5815,KE828Q3,
5816,DZ326Z7,
5817,QS796V0,
5818,BB135F8,
5819,VU418K2,
5820,BL801N1,
5821,MN713A4,
5822,WS519A9,
5823,UB231U2,
5824,DW179W6,
5825,QQ486Q0,
5826,IT654O1,
5827,KS966P3,
5828,FC482Y3,
5829,MN637R7,
5830,UJ448V8,
5831,ZN145Z0,
5832,EK443U5,
5833,UT564J7,
5834,EM822U7,
5835,EC871X9,
5836,HG733R9,
5837,JB753D1,
5838,ZQ222U9,
5839,MR984E0,
5840,TU489D3,
5841,IB223T7,
5842,ZW239A0,
5843,PJ234C3,
5844,ZH314N9,
5845,KN937Q0,
5846,US165H0,
5847,YB196Y3,
5848,XS314D9,
5849,WL619U6,
5850,KZ249V4,
5851,PP988U4,
5852,ZT890F5,
5853,EV855M5,
5854,RB672N9,
5855,BQ121G0,
5856,DP860P8,
5857,SD522W8,
5858,OZ490K8,
5859,OA271N2,
5860,LL223P1,
5861,SR198X3,
5862,MG317O6,
5863,GN671R9,
5864,PP339G2,
5865,JU826X9,
5866,HX641L0,
5867,UJ301K3,
5868,IO707O7,
5869,YX144W9,
5870,QF210P0,
5871,BU777H1,
5872,HR808Q0,
5873,OE129F9,
5874,ZZ985A3,
5875,AW498J3,
5876,ZG640K8,
5877,HD807A3,
5878,IS197J4,
5879,WT258C4,
5880,FH297K7,
5881,GO225D2,
5882,PG975X1,
5883,RX345D8,
5884,QT294K8,
5885,ZY383O3,
5886,BL680D8,
5887,QG951T4,
5888,NQ477I0,
5889,DH700F6,
5890,SA159B9,
5891,JK261I2,
5892,JT510F6,
5893,QJ520A9,
5894,HY273Y9,
5895,FT104B0,
5896,HL324H8,
5897,CI449Q5,
5898,CR704P3,
5899,IL536I8,
5900,GB436C7,
5901,LT425T0,
5902,CY730F1,
5903,OW496I1,
5904,CO237T9,
5905,EZ438T6,
5906,FD949J8,
5907,CR680C3,
5908,EB256K7,
5909,GX996D5,
5910,HG595X6,
5911,TV683D8,
5912,HL705H3,
5913,QD325N4,
5914,AS314C2,
5915,GV617B3,
5916,AW966E2,
5917,AG812K3,
5918,GC230L9,
5919,KU323H7,
5920,PZ200V2,
5921,XM592Z1,
5922,ZD388T5,
5923,JO296M0,
5924,FV735C4,
5925,QU868Z7,
5926,RQ115B5,
5927,LB737G5,
5928,CX625Z9,
5929,OO616S5,
5930,PG703G3,
5931,OO495Z0,
5932,ZD313G9,
5933,SA145Z8,
5934,GM206N6,
5935,PM728O8,
5936,PJ922C8,
5937,VL243X3,
5938,HD444G9,
5939,EN836D1,
5940,NT768K1,
5941,XZ866O2,
5942,QM628K4,
5943,VJ191T1,
5944,LI218W9,
5945,UK180P7,
5946,WC244N3,
5947,LU410E2,
5948,IK759A0,
5949,OG118H4,
5950,PD120L8,
5951,OC878M5,
5952,NQ898B3,
5953,ZT960K6,
5954,VJ100F5,
5955,LW601V7,
5956,BO875U3,
5957,QV539Y5,
5958,AC249H1,
5959,SR756F8,
5960,EJ504N1,
5961,NW522Y6,
5962,VO805R4,
5963,YQ189U3,
5964,SP293D5,
5965,RE758F4,
5966,AQ416J3,
5967,CS582S2,
5968,NU667X7,
5969,GE107Z4,
5970,MM801I6,
5971,LN759I7,
5972,FA413H8,
5973,DL424S6,
5974,SY528V6,
5975,JM254C6,
5976,XR134K9,
5977,VK269Z8,
5978,XO748B4,
5979,IW881G7,
5980,LH255P2,
5981,EI373A0,
5982,FY290V7,
5983,UJ314H6,
5984,WJ878O9,
5985,UK666K1,
5986,OF982M3,
5987,SC423D9,
5988,CD758A1,
5989,LO479R2,
5990,QT972I1,
5991,XK881W9,
5992,QF461R4,
5993,NG974K3,
5994,VR288Z2,
5995,QH491J6,
5996,OF568K5,
5997,AS228W9,
5998,RJ911K8,
5999,TU248H9,
6000,WT923E7,